Rank,Node ID,Degree
1,22,572
2,584,502
3,231,488
4,123,465
5,70,460
6,166,449
7,645,446
8,117,439
9,438,431
10,89,429
11,513,427
12,30,426
13,203,426
14,121,419
15,19690,415
16,368,414
17,19548,413
18,19839,412
19,209,405
20,19636,404
21,19614,401
22,19693,400
23,19855,398
24,19807,397
25,19858,393
26,53,385
27,19551,381
28,457,347
29,720,299
30,844,294
31,582,270
32,71,260
33,135,252
34,410,252
35,400,243
36,514,242
37,65,242
38,33,241
39,268,240
40,586,238
41,445,237
42,1306,234
43,163,232
44,193,231
45,469,229
46,100,225
47,661,225
48,252,221
49,325,220
50,825,218
51,225,218
52,716,218
53,651,209
54,115,196
55,1722,193
56,1334,188
57,228,184
58,339,174
59,154,171
60,669,163
61,1321,158
62,748,158
63,527,157
64,2421,155
65,1299,151
66,539,150
67,176,149
68,36,149
69,455,149
70,134,149
71,501,149
72,350,149
73,605,148
74,20,148
75,683,148
76,103,148
77,236,148
78,903,148
79,57,148
80,270,148
81,429,148
82,508,148
83,277,148
84,638,148
85,150,148
86,320,142
87,2206,141
88,1761,138
89,6,135
90,95,135
91,351,133
92,441,133
93,449,132
94,691,129
95,1196,128
96,864,128
97,158,126
98,17,125
99,839,125
100,2003,125
101,91,125
102,697,125
103,802,124
104,1147,123
105,307,123
106,190,123
107,837,122
108,746,122
109,1445,122
110,615,120
111,1019,119
112,328,119
113,1336,118
114,317,118
115,353,118
116,918,118
117,1489,117
118,87,117
119,471,117
120,1430,117
121,654,116
122,19710,116
123,109,116
124,875,115
125,647,115
126,1115,115
127,863,115
128,38,115
129,177,115
130,9659,113
131,23429,113
132,25110,113
133,23751,113
134,9685,113
135,9681,113
136,15699,113
137,44,113
138,7787,113
139,285,113
140,2,113
141,7833,113
142,404,113
143,16142,113
144,1668,113
145,7849,113
146,549,113
147,9657,113
148,816,113
149,10331,113
150,7763,113
151,15941,113
152,15780,113
153,3897,113
154,2177,113
155,873,113
156,393,113
157,933,113
158,389,113
159,10004,113
160,24906,113
161,16198,113
162,690,113
163,3165,113
164,890,113
165,489,113
166,2158,113
167,10580,113
168,276,113
169,25314,113
170,9655,113
171,999,113
172,9753,113
173,857,113
174,7822,113
175,10002,113
176,19819,112
177,3224,111
178,165,111
179,738,111
180,1620,111
181,724,110
182,1682,110
183,42,110
184,221,110
185,879,110
186,595,110
187,558,110
188,299,110
189,659,110
190,1740,109
191,349,109
192,847,109
193,224,109
194,316,109
195,3376,108
196,2577,108
197,250,107
198,1093,107
199,867,107
200,19856,107
201,925,106
202,1818,105
203,532,105
204,597,103
205,431,103
206,458,103
207,2581,103
208,600,102
209,1983,102
210,352,101
211,19664,101
212,971,100
213,267,99
214,598,99
215,1913,98
216,286,98
217,2210,98
218,509,96
219,1185,96
220,23400,96
221,19761,96
222,1796,95
223,23605,94
224,247,93
225,899,93
226,1017,93
227,1637,92
228,1036,92
229,461,92
230,19837,91
231,1695,91
232,1331,89
233,31219,87
234,1314,87
235,753,86
236,23848,86
237,4524,86
238,420,86
239,3444,86
240,425,86
241,1310,85
242,995,85
243,9638,84
244,10155,84
245,9746,84
246,405,84
247,9704,84
248,939,84
249,10288,84
250,1536,84
251,1504,84
252,2836,84
253,1858,83
254,1498,82
255,68,81
256,19528,81
257,2029,80
258,1415,80
259,4472,80
260,1678,79
261,768,79
262,298,79
263,2115,79
264,1798,79
265,1831,79
266,1248,78
267,1045,78
268,2840,78
269,1699,78
270,1591,77
271,1720,76
272,330,76
273,2119,76
274,3359,76
275,2232,75
276,2523,74
277,1382,74
278,20215,74
279,510,73
280,1077,73
281,160,73
282,442,72
283,334,72
284,734,71
285,3289,71
286,928,71
287,64,71
288,842,70
289,466,69
290,799,69
291,642,68
292,19639,68
293,1039,68
294,3472,68
295,348,67
296,1435,67
297,657,66
298,3321,66
299,1034,66
300,5145,66
301,19677,65
302,3202,64
303,1452,63
304,505,62
305,776,62
306,1122,62
307,2209,62
308,543,62
309,354,61
310,1459,61
311,630,61
312,997,61
313,1304,61
314,19570,60
315,269,60
316,573,60
317,1136,59
318,243,59
319,834,59
320,8464,58
321,19823,58
322,2425,58
323,1512,58
324,3999,57
325,3366,57
326,2284,57
327,3017,57
328,136,56
329,23782,56
330,443,56
331,195,54
332,20955,54
333,896,54
334,1870,54
335,105,52
336,479,52
337,1308,52
338,3301,52
339,2193,52
340,563,52
341,222,52
342,3268,52
343,2662,52
344,81,52
345,1149,52
346,2874,52
347,10272,52
348,2827,52
349,618,52
350,295,52
351,4800,52
352,2470,52
353,4845,52
354,1438,52
355,547,52
356,2617,52
357,20149,52
358,2605,52
359,4279,52
360,664,52
361,791,52
362,1328,52
363,986,52
364,174,52
365,1015,52
366,23936,52
367,652,52
368,708,52
369,11462,52
370,2631,52
371,2220,52
372,32,52
373,2502,52
374,1546,52
375,1803,52
376,1143,52
377,211,52
378,1733,52
379,1693,52
380,2357,52
381,3794,52
382,2383,52
383,530,52
384,4067,52
385,923,52
386,189,52
387,2412,52
388,1603,52
389,199,52
390,310,52
391,2108,52
392,107,51
393,2266,51
394,7793,50
395,213,50
396,1570,50
397,7990,50
398,144,50
399,2367,50
400,7801,50
401,132,50
402,7966,50
403,2681,50
404,10435,50
405,7776,50
406,1425,50
407,1861,50
408,1058,50
409,7856,50
410,7926,50
411,7779,50
412,1326,50
413,1238,50
414,1669,50
415,7778,50
416,1428,50
417,621,50
418,553,50
419,2055,50
420,692,50
421,432,50
422,7868,50
423,1404,50
424,1138,50
425,3091,50
426,7886,50
427,4147,50
428,7832,50
429,9922,50
430,674,50
431,7791,50
432,8,50
433,7894,50
434,8015,50
435,623,50
436,2378,50
437,387,50
438,1127,50
439,2156,50
440,7795,50
441,7818,50
442,7831,50
443,819,50
444,2386,50
445,1857,50
446,7874,50
447,3199,50
448,1402,50
449,7759,50
450,7813,50
451,7809,50
452,24,50
453,7762,50
454,2396,50
455,3970,50
456,275,50
457,1338,50
458,7841,50
459,1709,50
460,2714,50
461,10920,50
462,7799,50
463,1961,50
464,1770,50
465,219,50
466,7774,50
467,7771,50
468,28236,49
469,3781,49
470,1568,49
471,1475,49
472,18694,48
473,2653,48
474,752,48
475,1064,48
476,2301,47
477,2551,46
478,7271,46
479,2337,46
480,4131,46
481,2328,46
482,60,46
483,852,46
484,1087,46
485,556,46
486,3596,46
487,709,46
488,3068,46
489,1487,46
490,366,46
491,809,46
492,706,46
493,1103,46
494,2076,46
495,2391,46
496,575,46
497,1082,46
498,262,46
499,565,46
500,260,46
501,283,46
502,755,46
503,679,46
504,569,46
505,2980,46
506,3043,46
507,399,46
508,7312,46
509,1901,46
510,1216,46
511,537,46
512,4314,46
513,3126,46
514,2943,46
515,1781,46
516,2355,46
517,2094,46
518,1269,46
519,667,46
520,1301,46
521,588,46
522,2611,46
523,14,46
524,1259,46
525,2455,46
526,1707,46
527,2750,46
528,1001,46
529,3717,46
530,7341,46
531,1981,46
532,1645,46
533,1209,46
534,1581,46
535,2679,46
536,3270,46
537,4588,46
538,2443,46
539,258,46
540,2500,46
541,1174,46
542,7211,46
543,625,46
544,813,46
545,1083,46
546,491,46
547,1287,46
548,24054,46
549,1532,46
550,673,46
551,3906,46
552,1730,46
553,805,46
554,2471,46
555,1873,46
556,1671,46
557,2258,46
558,1978,46
559,10,46
560,1860,46
561,2185,46
562,7354,46
563,1289,46
564,534,46
565,2677,46
566,2146,46
567,4227,46
568,28,46
569,290,46
570,1655,46
571,2598,46
572,2795,46
573,1162,46
574,7215,46
575,7207,46
576,1241,46
577,2356,46
578,2512,46
579,2588,46
580,3194,45
581,287,45
582,451,45
583,1368,45
584,22304,45
585,9679,44
586,187,44
587,9914,44
588,9964,44
589,10364,44
590,10559,44
591,9700,44
592,10356,44
593,9883,44
594,19944,44
595,9743,44
596,23931,44
597,10020,44
598,10930,44
599,9869,44
600,10940,44
601,9816,44
602,9880,44
603,9786,44
604,9728,44
605,2812,44
606,22660,43
607,23415,43
608,20058,43
609,23468,43
610,20336,43
611,207,43
612,19820,43
613,1346,43
614,20078,43
615,23950,43
616,1691,43
617,20715,43
618,2437,43
619,20454,42
620,795,42
621,3620,42
622,1485,42
623,19962,42
624,1800,42
625,20027,42
626,1811,42
627,1847,42
628,2474,42
629,22551,42
630,3622,42
631,1519,42
632,345,42
633,915,42
634,1560,42
635,3081,42
636,373,42
637,2796,42
638,167,42
639,1437,41
640,608,41
641,2429,41
642,1434,41
643,1657,41
644,1531,41
645,2341,41
646,1097,40
647,79,40
648,11711,40
649,51,40
650,7249,40
651,7209,40
652,9770,40
653,10074,40
654,1447,40
655,7234,40
656,10678,40
657,7319,40
658,4680,40
659,7226,40
660,7385,40
661,7244,40
662,3276,40
663,423,40
664,7251,40
665,2520,40
666,11222,40
667,4171,40
668,7240,40
669,812,40
670,7228,40
671,2236,40
672,7293,40
673,7328,40
674,7241,40
675,4048,40
676,2870,40
677,16,40
678,75,40
679,7260,40
680,948,40
681,7269,40
682,7216,40
683,391,40
684,2362,40
685,3295,40
686,7308,40
687,951,40
688,2797,40
689,4148,40
690,2859,40
691,2050,40
692,49,40
693,9663,40
694,23645,39
695,4605,39
696,25916,39
697,19223,39
698,22552,39
699,2095,39
700,273,39
701,15938,39
702,2026,39
703,2060,39
704,3102,39
705,356,39
706,233,38
707,343,38
708,23529,38
709,254,38
710,988,38
711,2132,38
712,901,38
713,256,38
714,1233,38
715,613,38
716,12123,38
717,8457,38
718,2048,38
719,32096,38
720,747,38
721,27411,38
722,1343,38
723,1156,38
724,24761,38
725,1517,38
726,3609,37
727,238,37
728,1927,37
729,2446,37
730,13669,37
731,1473,37
732,2485,37
733,1267,37
734,20716,37
735,4533,37
736,3945,36
737,22362,36
738,99,36
739,10328,36
740,9981,36
741,1641,36
742,10453,36
743,2009,36
744,2125,36
745,662,36
746,11001,36
747,9751,36
748,3669,36
749,10010,36
750,2419,36
751,1965,36
752,4373,36
753,725,36
754,7223,36
755,9991,36
756,2672,36
757,23530,35
758,1357,35
759,24979,35
760,3292,35
761,1176,35
762,1869,35
763,22460,35
764,9730,35
765,21553,35
766,19514,34
767,19526,34
768,23440,34
769,19686,34
770,138,34
771,2096,34
772,20798,34
773,22745,34
774,1251,33
775,22579,33
776,164,33
777,20651,33
778,7956,33
779,24919,33
780,205,33
781,8407,33
782,22695,32
783,7634,32
784,23629,32
785,22629,32
786,22559,32
787,21345,32
788,24017,32
789,24029,32
790,1105,32
791,1166,32
792,2150,32
793,23617,31
794,3025,31
795,8687,31
796,23998,31
797,61,31
798,3404,31
799,24451,31
800,7967,31
801,16853,31
802,8780,31
803,4446,30
804,8002,30
805,23809,30
806,7920,30
807,1389,30
808,8973,30
809,2039,30
810,2320,30
811,807,30
812,23428,29
813,20143,29
814,30982,29
815,23886,29
816,5183,29
817,1843,29
818,31139,29
819,23989,29
820,5818,29
821,20208,29
822,2392,29
823,24294,29
824,31309,29
825,19144,29
826,31695,29
827,31472,29
828,31480,29
829,31626,29
830,31491,29
831,31521,29
832,25028,29
833,22483,29
834,27871,28
835,31551,28
836,13652,28
837,31006,28
838,1539,28
839,31009,28
840,31029,28
841,28022,28
842,31041,28
843,3697,28
844,767,28
845,31076,28
846,23743,28
847,20775,28
848,5399,28
849,31089,28
850,31094,28
851,7324,28
852,31119,28
853,5291,28
854,23910,28
855,31142,28
856,31144,28
857,31148,28
858,21572,28
859,31170,28
860,31176,28
861,10223,28
862,28321,28
863,28507,28
864,28418,28
865,25122,28
866,1988,28
867,10715,28
868,31451,28
869,8103,28
870,31252,28
871,929,28
872,817,28
873,31300,28
874,28181,28
875,31327,28
876,31351,28
877,31535,28
878,22610,28
879,8377,28
880,6712,28
881,3723,28
882,28826,28
883,31496,28
884,24794,28
885,28924,28
886,31563,28
887,28571,28
888,24971,28
889,16844,28
890,31631,28
891,27922,27
892,19529,27
893,17098,27
894,30971,27
895,153,27
896,30979,27
897,15822,27
898,7225,27
899,26132,27
900,23624,27
901,31049,27
902,31084,27
903,28114,27
904,31090,27
905,21953,27
906,23840,27
907,23909,27
908,31150,27
909,28151,27
910,28241,27
911,545,27
912,1594,27
913,28268,27
914,21117,27
915,31178,27
916,29310,27
917,24107,27
918,24109,27
919,31250,27
920,1588,27
921,31315,27
922,31341,27
923,31347,27
924,2200,27
925,28514,27
926,31445,27
927,31471,27
928,31519,27
929,22375,27
930,31588,27
931,31736,27
932,15448,26
933,23551,26
934,1639,26
935,9983,26
936,4564,26
937,31069,26
938,10238,26
939,11107,26
940,31135,26
941,16164,26
942,31159,26
943,31166,26
944,28299,26
945,31190,26
946,31431,26
947,952,26
948,28032,26
949,31239,26
950,31646,26
951,31333,26
952,28562,26
953,28625,26
954,31114,26
955,29261,26
956,3172,26
957,25747,26
958,31185,26
959,31580,26
960,17467,26
961,30965,25
962,2525,25
963,13811,25
964,27875,25
965,214,25
966,27906,25
967,23467,25
968,6024,25
969,31051,25
970,24652,25
971,31075,25
972,28994,25
973,28130,25
974,28781,25
975,8040,25
976,1486,25
977,2995,25
978,31156,25
979,20109,25
980,19980,25
981,28293,25
982,31227,25
983,31248,25
984,14204,25
985,2295,25
986,743,25
987,24296,25
988,24300,25
989,31312,25
990,20484,25
991,27367,25
992,29334,25
993,28580,25
994,31388,25
995,2924,25
996,23205,25
997,31404,25
998,28714,25
999,29976,25
1000,1664,25
1001,31565,25
1002,1647,25
1003,31542,25
1004,24896,25
1005,9033,25
1006,31000,25
1007,12609,25
1008,28873,25
1009,31603,25
1010,31103,25
1011,25610,25
1012,30957,24
1013,6053,24
1014,9775,24
1015,24633,24
1016,27957,24
1017,3990,24
1018,21424,24
1019,23644,24
1020,31050,24
1021,31560,24
1022,31608,24
1023,10262,24
1024,10275,24
1025,28140,24
1026,31102,24
1027,31116,24
1028,29066,24
1029,25756,24
1030,20076,24
1031,25007,24
1032,31165,24
1033,20133,24
1034,28291,24
1035,31186,24
1036,31187,24
1037,6546,24
1038,31209,24
1039,28326,24
1040,28173,24
1041,31224,24
1042,1969,24
1043,29032,24
1044,19530,24
1045,24252,24
1046,31298,24
1047,31313,24
1048,7773,24
1049,28630,24
1050,28740,24
1051,26886,24
1052,31363,24
1053,31393,24
1054,11722,24
1055,13422,24
1056,20343,24
1057,16942,24
1058,28830,24
1059,1832,24
1060,31470,24
1061,11456,24
1062,31514,24
1063,27893,24
1064,31466,24
1065,28485,24
1066,1529,24
1067,27885,24
1068,31584,24
1069,5859,24
1070,31620,24
1071,29100,24
1072,31262,24
1073,28840,24
1074,31400,24
1075,29165,23
1076,30972,23
1077,27928,23
1078,18924,23
1079,877,23
1080,28112,23
1081,15754,23
1082,27944,23
1083,30988,23
1084,27949,23
1085,27955,23
1086,30998,23
1087,564,23
1088,620,23
1089,31125,23
1090,31037,23
1091,705,23
1092,31043,23
1093,23665,23
1094,31063,23
1095,31074,23
1096,5750,23
1097,28109,23
1098,28244,23
1099,4184,23
1100,161,23
1101,28126,23
1102,1194,23
1103,31120,23
1104,28192,23
1105,24226,23
1106,28202,23
1107,28208,23
1108,314,23
1109,31152,23
1110,28252,23
1111,31169,23
1112,10762,23
1113,31238,23
1114,24015,23
1115,31182,23
1116,20157,23
1117,24034,23
1118,31202,23
1119,31203,23
1120,28315,23
1121,31216,23
1122,28350,23
1123,30031,23
1124,28176,23
1125,31229,23
1126,12688,23
1127,16465,23
1128,31141,23
1129,31253,23
1130,2244,23
1131,24132,23
1132,31290,23
1133,24285,23
1134,31299,23
1135,28503,23
1136,26799,23
1137,23523,23
1138,31348,23
1139,31276,23
1140,31355,23
1141,12057,23
1142,31359,23
1143,22910,23
1144,31366,23
1145,31368,23
1146,5248,23
1147,31376,23
1148,11229,23
1149,31383,23
1150,28650,23
1151,5383,23
1152,28670,23
1153,10977,23
1154,4372,23
1155,31418,23
1156,31581,23
1157,31424,23
1158,31428,23
1159,28709,23
1160,31453,23
1161,31458,23
1162,31460,23
1163,20918,23
1164,31463,23
1165,31465,23
1166,31467,23
1167,16312,23
1168,27971,23
1169,24692,23
1170,31482,23
1171,20981,23
1172,29405,23
1173,17048,23
1174,20241,23
1175,31495,23
1176,31507,23
1177,31511,23
1178,25056,23
1179,1898,23
1180,28908,23
1181,24820,23
1182,28638,23
1183,17172,23
1184,10415,23
1185,31534,23
1186,28950,23
1187,3845,23
1188,24883,23
1189,29006,23
1190,31576,23
1191,29027,23
1192,31598,23
1193,3854,23
1194,28884,23
1195,31702,23
1196,15641,22
1197,30961,22
1198,27867,22
1199,30968,22
1200,30969,22
1201,27874,22
1202,23438,22
1203,30973,22
1204,23469,22
1205,235,22
1206,341,22
1207,27920,22
1208,30987,22
1209,29021,22
1210,30990,22
1211,30992,22
1212,23521,22
1213,27974,22
1214,30827,22
1215,2991,22
1216,31005,22
1217,28370,22
1218,3888,22
1219,31011,22
1220,31010,22
1221,10499,22
1222,31019,22
1223,31021,22
1224,23604,22
1225,28020,22
1226,31034,22
1227,26595,22
1228,31038,22
1229,19788,22
1230,31055,22
1231,24164,22
1232,18455,22
1233,31077,22
1234,16081,22
1235,19903,22
1236,28123,22
1237,1312,22
1238,31104,22
1239,31110,22
1240,28174,22
1241,28187,22
1242,16176,22
1243,28476,22
1244,11698,22
1245,17878,22
1246,31154,22
1247,1580,22
1248,4322,22
1249,28260,22
1250,28290,22
1251,31183,22
1252,31184,22
1253,31189,22
1254,24547,22
1255,31198,22
1256,31199,22
1257,31200,22
1258,26045,22
1259,28337,22
1260,30849,22
1261,31194,22
1262,31221,22
1263,3132,22
1264,28948,22
1265,2071,22
1266,31245,22
1267,2092,22
1268,24186,22
1269,28416,22
1270,31261,22
1271,31263,22
1272,28162,22
1273,31274,22
1274,31279,22
1275,31284,22
1276,27791,22
1277,31287,22
1278,10166,22
1279,28479,22
1280,24263,22
1281,2333,22
1282,3210,22
1283,24265,22
1284,2395,22
1285,26792,22
1286,24309,22
1287,5126,22
1288,28209,22
1289,28535,22
1290,7254,22
1291,28366,22
1292,23635,22
1293,31344,22
1294,17273,22
1295,31364,22
1296,31367,22
1297,18397,22
1298,2937,22
1299,31406,22
1300,31408,22
1301,31412,22
1302,28696,22
1303,31426,22
1304,31430,22
1305,31379,22
1306,11417,22
1307,31439,22
1308,24610,22
1309,31457,22
1310,31461,22
1311,16971,22
1312,28823,22
1313,24708,22
1314,28818,22
1315,28838,22
1316,31498,22
1317,28011,22
1318,21051,22
1319,28919,22
1320,28219,22
1321,28968,22
1322,28787,22
1323,28991,22
1324,31571,22
1325,4509,22
1326,31582,22
1327,29060,22
1328,31602,22
1329,1866,22
1330,31640,22
1331,29153,22
1332,31648,22
1333,27932,22
1334,29197,22
1335,31687,22
1336,4664,22
1337,28622,22
1338,29294,22
1339,1395,22
1340,12589,22
1341,5132,22
1342,23417,21
1343,13626,21
1344,25775,21
1345,30983,21
1346,9790,21
1347,27960,21
1348,30999,21
1349,26587,21
1350,23622,21
1351,8235,21
1352,28079,21
1353,2352,21
1354,27857,21
1355,28118,21
1356,19942,21
1357,23591,21
1358,6200,21
1359,28147,21
1360,1262,21
1361,31124,21
1362,16157,21
1363,31130,21
1364,31132,21
1365,11966,21
1366,28001,21
1367,31162,21
1368,3390,21
1369,31188,21
1370,31204,21
1371,24094,21
1372,1933,21
1373,2001,21
1374,31233,21
1375,2045,21
1376,22773,21
1377,28410,21
1378,20327,21
1379,27914,21
1380,31267,21
1381,32115,21
1382,24255,21
1383,29094,21
1384,5469,21
1385,26816,21
1386,12640,21
1387,31382,21
1388,28400,21
1389,2954,21
1390,31405,21
1391,20765,21
1392,28681,21
1393,31420,21
1394,28746,21
1395,28785,21
1396,28798,21
1397,28801,21
1398,11550,21
1399,31492,21
1400,31549,21
1401,21559,21
1402,21190,21
1403,27057,21
1404,29438,21
1405,24642,21
1406,4850,21
1407,5221,21
1408,25465,21
1409,4100,20
1410,428,20
1411,2171,20
1412,27831,20
1413,28457,20
1414,4734,20
1415,19996,20
1416,1910,20
1417,31121,20
1418,28230,20
1419,628,20
1420,6172,20
1421,31193,20
1422,32288,20
1423,10638,20
1424,16428,20
1425,10751,20
1426,2183,20
1427,31281,20
1428,3698,20
1429,2713,20
1430,27255,20
1431,7573,20
1432,5284,20
1433,6060,20
1434,19140,20
1435,3471,20
1436,3641,20
1437,1984,20
1438,4459,20
1439,2015,20
1440,30954,19
1441,291,19
1442,30989,19
1443,30993,19
1444,27989,19
1445,576,19
1446,31015,19
1447,28348,19
1448,19751,19
1449,31035,19
1450,28063,19
1451,15974,19
1452,4516,19
1453,8012,19
1454,31086,19
1455,28129,19
1456,26641,19
1457,16135,19
1458,16166,19
1459,31138,19
1460,21916,19
1461,31164,19
1462,9754,19
1463,28311,19
1464,31201,19
1465,21876,19
1466,31228,19
1467,22530,19
1468,27912,19
1469,31259,19
1470,21546,19
1471,820,19
1472,18325,19
1473,6718,19
1474,31307,19
1475,1626,19
1476,1089,19
1477,34,19
1478,16979,19
1479,31595,19
1480,2962,19
1481,31402,19
1482,21752,19
1483,31422,19
1484,3507,19
1485,31452,19
1486,31456,19
1487,28800,19
1488,3392,19
1489,2304,19
1490,28870,19
1491,10606,19
1492,2008,19
1493,4562,19
1494,10246,19
1495,17307,19
1496,31212,19
1497,29072,19
1498,31617,19
1499,32289,19
1500,29169,19
1501,31664,19
1502,23832,19
1503,4221,19
1504,31594,19
1505,30915,19
1506,1500,19
1507,29346,19
1508,31629,19
1509,31821,19
1510,31672,19
1511,23406,18
1512,27858,18
1513,30963,18
1514,23875,18
1515,30970,18
1516,27882,18
1517,376,18
1518,31072,18
1519,30994,18
1520,27968,18
1521,9897,18
1522,644,18
1523,3952,18
1524,31052,18
1525,28068,18
1526,31271,18
1527,19271,18
1528,28094,18
1529,28119,18
1530,2944,18
1531,1192,18
1532,28146,18
1533,1211,18
1534,28222,18
1535,31147,18
1536,28240,18
1537,28246,18
1538,28255,18
1539,5191,18
1540,31179,18
1541,1719,18
1542,31210,18
1543,31215,18
1544,24083,18
1545,1905,18
1546,30384,18
1547,481,18
1548,24166,18
1549,31235,18
1550,2080,18
1551,31244,18
1552,11211,18
1553,31247,18
1554,31278,18
1555,31232,18
1556,31283,18
1557,15727,18
1558,28487,18
1559,24278,18
1560,28555,18
1561,20554,18
1562,11128,18
1563,31349,18
1564,18750,18
1565,31356,18
1566,13687,18
1567,6221,18
1568,2902,18
1569,2953,18
1570,31397,18
1571,2993,18
1572,2057,18
1573,31419,18
1574,5721,18
1575,28721,18
1576,1316,18
1577,1204,18
1578,17182,18
1579,28782,18
1580,3443,18
1581,21037,18
1582,28877,18
1583,28891,18
1584,31520,18
1585,27063,18
1586,3364,18
1587,22134,18
1588,3843,18
1589,3883,18
1590,31569,18
1591,29043,18
1592,4095,18
1593,21360,18
1594,8087,18
1595,31610,18
1596,31627,18
1597,31628,18
1598,19945,18
1599,31639,18
1600,31719,18
1601,29168,18
1602,29209,18
1603,29248,18
1604,29291,18
1605,21267,18
1606,5998,18
1607,151,17
1608,304,17
1609,28586,17
1610,24958,17
1611,14102,17
1612,4489,17
1613,31031,17
1614,1775,17
1615,8083,17
1616,7054,17
1617,31053,17
1618,19650,17
1619,6356,17
1620,28106,17
1621,28124,17
1622,28134,17
1623,25188,17
1624,27946,17
1625,1436,17
1626,20592,17
1627,7361,17
1628,4213,17
1629,31157,17
1630,31650,17
1631,835,17
1632,1816,17
1633,4566,17
1634,13249,17
1635,21206,17
1636,2047,17
1637,28390,17
1638,4015,17
1639,2221,17
1640,2079,17
1641,31301,17
1642,31320,17
1643,2522,17
1644,2585,17
1645,31272,17
1646,21792,17
1647,761,17
1648,26376,17
1649,28752,17
1650,31140,17
1651,32284,17
1652,4620,17
1653,6035,17
1654,2035,17
1655,31796,17
1656,7865,17
1657,21938,17
1658,28971,17
1659,4351,17
1660,31564,17
1661,4325,17
1662,7429,17
1663,18797,17
1664,28564,17
1665,32123,17
1666,5867,17
1667,4266,17
1668,15042,17
1669,2855,17
1670,3554,17
1671,29216,17
1672,19649,17
1673,31483,17
1674,32290,17
1675,22028,17
1676,23157,17
1677,32126,17
1678,28251,17
1679,17083,17
1680,32124,17
1681,28435,16
1682,194,16
1683,32056,16
1684,31693,16
1685,3686,16
1686,21369,16
1687,444,16
1688,4490,16
1689,504,16
1690,3388,16
1691,14000,16
1692,5223,16
1693,26602,16
1694,12259,16
1695,6586,16
1696,29142,16
1697,21851,16
1698,31101,16
1699,31107,16
1700,2998,16
1701,22788,16
1702,170,16
1703,9055,16
1704,5082,16
1705,13146,16
1706,28312,16
1707,28333,16
1708,16117,16
1709,1942,16
1710,28361,16
1711,17130,16
1712,1975,16
1713,22437,16
1714,24483,16
1715,2694,16
1716,1057,16
1717,4022,16
1718,10963,16
1719,27910,16
1720,2433,16
1721,21764,16
1722,28599,16
1723,28627,16
1724,26790,16
1725,8888,16
1726,21433,16
1727,20174,16
1728,28859,16
1729,31438,16
1730,20611,16
1731,32106,16
1732,4285,16
1733,28832,16
1734,28841,16
1735,28862,16
1736,29192,16
1737,28876,16
1738,28889,16
1739,25463,16
1740,2566,16
1741,32118,16
1742,26159,16
1743,12207,16
1744,1236,16
1745,28921,16
1746,29071,16
1747,1212,16
1748,7943,16
1749,4320,16
1750,14582,16
1751,32063,16
1752,10730,16
1753,21440,16
1754,21897,16
1755,29870,16
1756,31681,16
1757,22736,16
1758,5490,16
1759,25693,16
1760,3659,16
1761,30966,15
1762,9672,15
1763,5979,15
1764,30995,15
1765,15704,15
1766,6452,15
1767,27927,15
1768,17076,15
1769,28438,15
1770,31653,15
1771,31001,15
1772,26866,15
1773,30210,15
1774,848,15
1775,27998,15
1776,2576,15
1777,28019,15
1778,6507,15
1779,15248,15
1780,17016,15
1781,23744,15
1782,1635,15
1783,17896,15
1784,18565,15
1785,1252,15
1786,3495,15
1787,32075,15
1788,1292,15
1789,28179,15
1790,10353,15
1791,1353,15
1792,21968,15
1793,16635,15
1794,4853,15
1795,19279,15
1796,3340,15
1797,28273,15
1798,1694,15
1799,24039,15
1800,32299,15
1801,2945,15
1802,10627,15
1803,464,15
1804,3037,15
1805,614,15
1806,29208,15
1807,31269,15
1808,4592,15
1809,24181,15
1810,28511,15
1811,6700,15
1812,2407,15
1813,3712,15
1814,32104,15
1815,26542,15
1816,2547,15
1817,16027,15
1818,4245,15
1819,21481,15
1820,4449,15
1821,31275,15
1822,15102,15
1823,28575,15
1824,6187,15
1825,2728,15
1826,4862,15
1827,14788,15
1828,9824,15
1829,17570,15
1830,26331,15
1831,31392,15
1832,28851,15
1833,29865,15
1834,28166,15
1835,31293,15
1836,31437,15
1837,3869,15
1838,3241,15
1839,3308,15
1840,14700,15
1841,3379,15
1842,28677,15
1843,3431,15
1844,31531,15
1845,30092,15
1846,7375,15
1847,14732,15
1848,11943,15
1849,22411,15
1850,15002,15
1851,13508,15
1852,3730,15
1853,1748,15
1854,28899,15
1855,18846,15
1856,3694,15
1857,4012,15
1858,31593,15
1859,18602,15
1860,1362,15
1861,17489,15
1862,3812,15
1863,28992,15
1864,31398,15
1865,4167,15
1866,21303,15
1867,2413,15
1868,18376,15
1869,3964,15
1870,31616,15
1871,27062,15
1872,29186,15
1873,18775,15
1874,17752,15
1875,6555,15
1876,18079,15
1877,29219,15
1878,14827,15
1879,31732,15
1880,31195,15
1881,10635,15
1882,31572,15
1883,712,15
1884,578,15
1885,2952,15
1886,31474,15
1887,2911,15
1888,4670,15
1889,23285,15
1890,28034,15
1891,6346,15
1892,17871,15
1893,13029,15
1894,30295,15
1895,6114,15
1896,25219,15
1897,20425,15
1898,31717,15
1899,12917,15
1900,19506,14
1901,29,14
1902,30960,14
1903,15646,14
1904,9696,14
1905,5266,14
1906,9721,14
1907,23453,14
1908,30981,14
1909,4335,14
1910,30984,14
1911,27936,14
1912,19038,14
1913,3719,14
1914,28710,14
1915,30991,14
1916,27959,14
1917,25431,14
1918,357,14
1919,487,14
1920,6049,14
1921,581,14
1922,3450,14
1923,31662,14
1924,31025,14
1925,9995,14
1926,670,14
1927,31033,14
1928,2476,14
1929,31036,14
1930,28030,14
1931,31044,14
1932,23650,14
1933,19133,14
1934,28071,14
1935,297,14
1936,28083,14
1937,920,14
1938,31073,14
1939,640,14
1940,5691,14
1941,5777,14
1942,29249,14
1943,1714,14
1944,13421,14
1945,31099,14
1946,28144,14
1947,1193,14
1948,31810,14
1949,1363,14
1950,1113,14
1951,31129,14
1952,1398,14
1953,31558,14
1954,28211,14
1955,31146,14
1956,1474,14
1957,16276,14
1958,28238,14
1959,1533,14
1960,23007,14
1961,28262,14
1962,1855,14
1963,31168,14
1964,26894,14
1965,1705,14
1966,31109,14
1967,1159,14
1968,31208,14
1969,31509,14
1970,2222,14
1971,20221,14
1972,1911,14
1973,1928,14
1974,4682,14
1975,1951,14
1976,1997,14
1977,31231,14
1978,5692,14
1979,14762,14
1980,31249,14
1981,18850,14
1982,24626,14
1983,1348,14
1984,2517,14
1985,28443,14
1986,2207,14
1987,4691,14
1988,13182,14
1989,13273,14
1990,31291,14
1991,2317,14
1992,1325,14
1993,28483,14
1994,2331,14
1995,31294,14
1996,31008,14
1997,3002,14
1998,28495,14
1999,28496,14
2000,28513,14
2001,2447,14
2002,27441,14
2003,2496,14
2004,2537,14
2005,1291,14
2006,2546,14
2007,11778,14
2008,11511,14
2009,28595,14
2010,11145,14
2011,31354,14
2012,28610,14
2013,2740,14
2014,25071,14
2015,20615,14
2016,2240,14
2017,28619,14
2018,32095,14
2019,16749,14
2020,28747,14
2021,31371,14
2022,28640,14
2023,25825,14
2024,17724,14
2025,23089,14
2026,27975,14
2027,24477,14
2028,28659,14
2029,19158,14
2030,21980,14
2031,2992,14
2032,11355,14
2033,31421,14
2034,3074,14
2035,31427,14
2036,3636,14
2037,8094,14
2038,9527,14
2039,28730,14
2040,14289,14
2041,21111,14
2042,31442,14
2043,32287,14
2044,13531,14
2045,31583,14
2046,16072,14
2047,3643,14
2048,12916,14
2049,3738,14
2050,3920,14
2051,3827,14
2052,20950,14
2053,5071,14
2054,28805,14
2055,3919,14
2056,31489,14
2057,6120,14
2058,31493,14
2059,31494,14
2060,21018,14
2061,22861,14
2062,28309,14
2063,18248,14
2064,11639,14
2065,21038,14
2066,15668,14
2067,963,14
2068,4264,14
2069,3537,14
2070,3565,14
2071,3941,14
2072,2845,14
2073,2678,14
2074,28930,14
2075,4933,14
2076,20104,14
2077,3798,14
2078,3804,14
2079,31715,14
2080,4252,14
2081,12689,14
2082,27018,14
2083,4005,14
2084,3056,14
2085,21846,14
2086,4035,14
2087,2224,14
2088,4113,14
2089,31066,14
2090,31607,14
2091,31750,14
2092,2134,14
2093,16927,14
2094,31630,14
2095,21780,14
2096,4396,14
2097,4403,14
2098,21308,14
2099,3410,14
2100,19161,14
2101,31668,14
2102,3836,14
2103,22222,14
2104,8584,14
2105,18827,14
2106,3312,14
2107,3988,14
2108,13578,14
2109,4053,14
2110,31697,14
2111,4911,14
2112,32298,14
2113,28611,14
2114,31721,14
2115,4931,14
2116,1141,14
2117,12219,14
2118,25428,14
2119,5044,14
2120,31739,14
2121,31759,14
2122,2856,14
2123,31763,14
2124,1883,14
2125,1864,14
2126,2618,14
2127,5213,14
2128,24723,14
2129,6169,14
2130,3783,14
2131,7001,14
2132,29464,14
2133,12534,14
2134,21843,14
2135,28494,14
2136,1545,14
2137,1854,14
2138,1994,14
2139,8519,14
2140,946,14
2141,2255,14
2142,30956,13
2143,28726,13
2144,27864,13
2145,1466,13
2146,19303,13
2147,24378,13
2148,6110,13
2149,10060,13
2150,15713,13
2151,25403,13
2152,20283,13
2153,16474,13
2154,27950,13
2155,20654,13
2156,447,13
2157,3164,13
2158,27969,13
2159,492,13
2160,4789,13
2161,31012,13
2162,32081,13
2163,31017,13
2164,31020,13
2165,10744,13
2166,21872,13
2167,31028,13
2168,723,13
2169,23641,13
2170,30974,13
2171,31487,13
2172,31047,13
2173,5648,13
2174,31577,13
2175,31853,13
2176,31065,13
2177,18363,13
2178,750,13
2179,28096,13
2180,31205,13
2181,15898,13
2182,28651,13
2183,19783,13
2184,31085,13
2185,27852,13
2186,7017,13
2187,31092,13
2188,796,13
2189,1674,13
2190,27925,13
2191,28155,13
2192,21879,13
2193,28169,13
2194,14414,13
2195,31115,13
2196,13594,13
2197,21748,13
2198,26670,13
2199,16183,13
2200,29749,13
2201,2961,13
2202,25998,13
2203,31160,13
2204,15252,13
2205,28286,13
2206,1724,13
2207,28357,13
2208,4718,13
2209,22072,13
2210,31218,13
2211,2890,13
2212,3101,13
2213,1946,13
2214,31223,13
2215,31225,13
2216,19874,13
2217,31234,13
2218,2202,13
2219,20479,13
2220,31237,13
2221,28393,13
2222,31240,13
2223,29147,13
2224,31251,13
2225,30958,13
2226,31265,13
2227,6917,13
2228,20367,13
2229,31277,13
2230,22329,13
2231,19134,13
2232,7996,13
2233,10360,13
2234,31304,13
2235,31305,13
2236,11326,13
2237,28531,13
2238,28533,13
2239,24981,13
2240,7887,13
2241,32090,13
2242,31230,13
2243,31336,13
2244,1446,13
2245,31338,13
2246,20018,13
2247,28574,13
2248,28576,13
2249,31728,13
2250,29001,13
2251,22036,13
2252,12866,13
2253,31357,13
2254,21375,13
2255,29097,13
2256,7415,13
2257,20659,13
2258,31387,13
2259,13411,13
2260,5312,13
2261,28665,13
2262,15131,13
2263,20755,13
2264,11350,13
2265,26879,13
2266,29178,13
2267,28702,13
2268,7339,13
2269,28570,13
2270,31443,13
2271,3203,13
2272,24613,13
2273,22467,13
2274,28061,13
2275,28783,13
2276,2545,13
2277,24671,13
2278,6734,13
2279,17031,13
2280,18308,13
2281,17043,13
2282,7351,13
2283,31490,13
2284,6396,13
2285,5214,13
2286,28842,13
2287,15992,13
2288,1030,13
2289,21049,13
2290,31469,13
2291,21441,13
2292,21056,13
2293,18273,13
2294,7349,13
2295,28777,13
2296,284,13
2297,4422,13
2298,16702,13
2299,3849,13
2300,29194,13
2301,21915,13
2302,17249,13
2303,6378,13
2304,29022,13
2305,29109,13
2306,25709,13
2307,19138,13
2308,29040,13
2309,24776,13
2310,888,13
2311,29317,13
2312,12022,13
2313,29067,13
2314,8016,13
2315,1231,13
2316,29087,13
2317,29163,13
2318,26564,13
2319,14806,13
2320,32139,13
2321,12161,13
2322,13074,13
2323,30131,13
2324,5938,13
2325,19604,13
2326,31642,13
2327,4776,13
2328,11485,13
2329,4409,13
2330,27990,13
2331,21855,13
2332,3089,13
2333,31670,13
2334,17532,13
2335,8536,13
2336,4698,13
2337,29215,13
2338,5509,13
2339,29265,13
2340,31704,13
2341,12433,13
2342,8193,13
2343,4495,13
2344,31709,13
2345,4879,13
2346,31731,13
2347,2779,13
2348,25295,13
2349,29331,13
2350,5011,13
2351,3193,13
2352,27360,13
2353,29670,13
2354,29366,13
2355,28066,13
2356,25471,13
2357,23601,13
2358,20151,13
2359,28216,13
2360,2674,13
2361,29401,13
2362,32294,13
2363,3957,13
2364,5627,13
2365,1784,13
2366,31761,13
2367,29042,13
2368,29486,13
2369,1585,13
2370,28895,13
2371,28807,13
2372,8589,13
2373,29567,13
2374,29381,13
2375,22101,13
2376,3928,13
2377,8046,12
2378,4411,12
2379,23441,12
2380,6203,12
2381,14805,12
2382,263,12
2383,27935,12
2384,30986,12
2385,26890,12
2386,27945,12
2387,11829,12
2388,6722,12
2389,13067,12
2390,27956,12
2391,1116,12
2392,27963,12
2393,27965,12
2394,27970,12
2395,736,12
2396,31002,12
2397,19571,12
2398,22347,12
2399,7497,12
2400,656,12
2401,28048,12
2402,1840,12
2403,26611,12
2404,821,12
2405,7635,12
2406,31058,12
2407,18756,12
2408,28078,12
2409,31068,12
2410,6821,12
2411,31117,12
2412,957,12
2413,32149,12
2414,31078,12
2415,16042,12
2416,31087,12
2417,12786,12
2418,1170,12
2419,28135,12
2420,28382,12
2421,31106,12
2422,3179,12
2423,28153,12
2424,28184,12
2425,3502,12
2426,20022,12
2427,24868,12
2428,32092,12
2429,28201,12
2430,31133,12
2431,23898,12
2432,12436,12
2433,21813,12
2434,1178,12
2435,28228,12
2436,9294,12
2437,28263,12
2438,3808,12
2439,1634,12
2440,31173,12
2441,29868,12
2442,1686,12
2443,17695,12
2444,28307,12
2445,16322,12
2446,7515,12
2447,28314,12
2448,25074,12
2449,8221,12
2450,28796,12
2451,31220,12
2452,4338,12
2453,31222,12
2454,31775,12
2455,4212,12
2456,28943,12
2457,32279,12
2458,27899,12
2459,28909,12
2460,28398,12
2461,18448,12
2462,23623,12
2463,2776,12
2464,28419,12
2465,4834,12
2466,3555,12
2467,29850,12
2468,28463,12
2469,28469,12
2470,28471,12
2471,31289,12
2472,2296,12
2473,29362,12
2474,21739,12
2475,31297,12
2476,28497,12
2477,31308,12
2478,21341,12
2479,6064,12
2480,31325,12
2481,28539,12
2482,24343,12
2483,6572,12
2484,28937,12
2485,21299,12
2486,11725,12
2487,28207,12
2488,19212,12
2489,18509,12
2490,24239,12
2491,20561,12
2492,2658,12
2493,28594,12
2494,31353,12
2495,17823,12
2496,31358,12
2497,12889,12
2498,4060,12
2499,27317,12
2500,31378,12
2501,28657,12
2502,28663,12
2503,24508,12
2504,11302,12
2505,31409,12
2506,26867,12
2507,28687,12
2508,28688,12
2509,30964,12
2510,19175,12
2511,32283,12
2512,17439,12
2513,31434,12
2514,31441,12
2515,1630,12
2516,28753,12
2517,25638,12
2518,32180,12
2519,24622,12
2520,31454,12
2521,11921,12
2522,31459,12
2523,3019,12
2524,8021,12
2525,3320,12
2526,28784,12
2527,31473,12
2528,31475,12
2529,23480,12
2530,31478,12
2531,19056,12
2532,28812,12
2533,1085,12
2534,31486,12
2535,18019,12
2536,7448,12
2537,20293,12
2538,21004,12
2539,6361,12
2540,31499,12
2541,28845,12
2542,28846,12
2543,28324,12
2544,1031,12
2545,24842,12
2546,31515,12
2547,31544,12
2548,28865,12
2549,21121,12
2550,28916,12
2551,31525,12
2552,31527,12
2553,18,12
2554,28920,12
2555,24488,12
2556,31532,12
2557,16314,12
2558,12133,12
2559,28935,12
2560,17212,12
2561,29716,12
2562,11834,12
2563,6139,12
2564,28897,12
2565,28973,12
2566,26774,12
2567,11878,12
2568,29839,12
2569,3896,12
2570,2161,12
2571,4765,12
2572,5025,12
2573,31567,12
2574,29000,12
2575,27855,12
2576,29014,12
2577,29020,12
2578,31579,12
2579,17302,12
2580,29259,12
2581,480,12
2582,3112,12
2583,5616,12
2584,31596,12
2585,24864,12
2586,31597,12
2587,12056,12
2588,29078,12
2589,31605,12
2590,18463,12
2591,9695,12
2592,31613,12
2593,31618,12
2594,26750,12
2595,4253,12
2596,4307,12
2597,31665,12
2598,30713,12
2599,29878,12
2600,5532,12
2601,21468,12
2602,29145,12
2603,31645,12
2604,2761,12
2605,14381,12
2606,6902,12
2607,31660,12
2608,31778,12
2609,12249,12
2610,25838,12
2611,31785,12
2612,31375,12
2613,10059,12
2614,31684,12
2615,5874,12
2616,25705,12
2617,17670,12
2618,31696,12
2619,31698,12
2620,32137,12
2621,31701,12
2622,29267,12
2623,5772,12
2624,28331,12
2625,11181,12
2626,31713,12
2627,20406,12
2628,31714,12
2629,833,12
2630,31722,12
2631,1698,12
2632,6057,12
2633,4540,12
2634,28175,12
2635,15028,12
2636,17728,12
2637,17075,12
2638,29354,12
2639,28904,12
2640,23352,12
2641,32157,12
2642,8480,12
2643,29206,12
2644,32172,12
2645,29376,12
2646,1423,12
2647,31769,12
2648,22433,12
2649,19020,12
2650,18672,12
2651,29361,12
2652,31799,12
2653,15854,12
2654,31807,12
2655,30425,12
2656,31823,12
2657,31834,12
2658,2913,12
2659,30900,12
2660,29519,12
2661,28281,12
2662,18237,12
2663,22440,12
2664,27709,12
2665,2636,12
2666,29424,12
2667,9831,12
2668,32176,12
2669,7105,12
2670,8451,12
2671,31042,12
2672,31920,12
2673,29025,12
2674,30959,11
2675,27862,11
2676,32055,11
2677,9715,11
2678,9717,11
2679,27900,11
2680,18276,11
2681,31395,11
2682,20159,11
2683,19608,11
2684,27941,11
2685,19100,11
2686,27260,11
2687,23563,11
2688,101,11
2689,6164,11
2690,6623,11
2691,3,11
2692,19756,11
2693,25613,11
2694,24649,11
2695,9653,11
2696,18506,11
2697,27314,11
2698,5545,11
2699,31056,11
2700,4685,11
2701,32276,11
2702,13093,11
2703,31060,11
2704,31062,11
2705,22403,11
2706,19442,11
2707,28087,11
2708,15044,11
2709,32162,11
2710,19605,11
2711,28092,11
2712,1586,11
2713,32068,11
2714,16795,11
2715,23749,11
2716,16044,11
2717,18317,11
2718,14032,11
2719,31096,11
2720,31097,11
2721,19865,11
2722,23815,11
2723,11349,11
2724,10289,11
2725,13367,11
2726,10308,11
2727,28152,11
2728,28154,11
2729,28157,11
2730,32059,11
2731,23846,11
2732,28167,11
2733,29866,11
2734,14396,11
2735,10348,11
2736,31122,11
2737,31127,11
2738,22517,11
2739,28203,11
2740,23893,11
2741,8347,11
2742,31143,11
2743,29851,11
2744,6360,11
2745,5511,11
2746,31149,11
2747,26689,11
2748,16059,11
2749,1548,11
2750,21812,11
2751,10430,11
2752,3389,11
2753,28264,11
2754,14603,11
2755,1617,11
2756,10539,11
2757,28275,11
2758,30327,11
2759,31174,11
2760,2620,11
2761,4260,11
2762,1967,11
2763,28289,11
2764,31196,11
2765,28308,11
2766,14632,11
2767,17304,11
2768,24324,11
2769,16343,11
2770,1825,11
2771,10626,11
2772,28338,11
2773,28339,11
2774,28347,11
2775,28353,11
2776,14594,11
2777,20258,11
2778,32080,11
2779,28386,11
2780,23765,11
2781,28389,11
2782,28391,11
2783,10763,11
2784,13236,11
2785,8082,11
2786,1725,11
2787,13245,11
2788,10510,11
2789,28429,11
2790,26474,11
2791,24221,11
2792,28449,11
2793,28455,11
2794,2256,11
2795,28473,11
2796,15714,11
2797,5431,11
2798,28493,11
2799,32301,11
2800,18093,11
2801,2250,11
2802,23303,11
2803,20489,11
2804,24072,11
2805,28537,11
2806,28552,11
2807,31655,11
2808,8443,11
2809,26646,11
2810,28572,11
2811,6558,11
2812,12776,11
2813,2633,11
2814,28585,11
2815,2704,11
2816,11157,11
2817,17153,11
2818,31688,11
2819,26820,11
2820,5403,11
2821,4763,11
2822,23724,11
2823,2733,11
2824,24472,11
2825,16786,11
2826,19547,11
2827,30509,11
2828,31643,11
2829,2910,11
2830,11282,11
2831,19894,11
2832,4303,11
2833,1088,11
2834,2305,11
2835,28051,11
2836,30290,11
2837,25905,11
2838,32281,11
2839,31260,11
2840,31410,11
2841,28685,11
2842,28689,11
2843,2668,11
2844,28699,11
2845,28257,11
2846,11374,11
2847,3072,11
2848,6133,11
2849,31429,11
2850,11389,11
2851,11391,11
2852,24579,11
2853,7892,11
2854,24042,11
2855,28718,11
2856,24589,11
2857,28722,11
2858,28725,11
2859,28729,11
2860,31314,11
2861,28750,11
2862,28755,11
2863,28758,11
2864,31450,11
2865,28766,11
2866,28769,11
2867,1280,11
2868,3293,11
2869,31048,11
2870,31181,11
2871,23457,11
2872,31476,11
2873,30366,11
2874,28803,11
2875,32071,11
2876,11658,11
2877,32107,11
2878,24717,11
2879,27555,11
2880,28280,11
2881,32163,11
2882,29052,11
2883,4508,11
2884,23627,11
2885,28849,11
2886,3020,11
2887,2226,11
2888,19579,11
2889,17062,11
2890,18288,11
2891,26339,11
2892,28864,11
2893,17009,11
2894,30419,11
2895,29862,11
2896,28901,11
2897,10570,11
2898,13066,11
2899,20989,11
2900,24829,11
2901,13586,11
2902,28951,11
2903,28954,11
2904,25175,11
2905,25869,11
2906,7769,11
2907,21165,11
2908,31546,11
2909,3600,11
2910,28962,11
2911,31685,11
2912,28966,11
2913,24880,11
2914,18931,11
2915,31555,11
2916,21467,11
2917,31512,11
2918,21202,11
2919,28988,11
2920,24900,11
2921,32086,11
2922,28960,11
2923,27425,11
2924,31574,11
2925,11659,11
2926,29007,11
2927,7402,11
2928,12362,11
2929,29028,11
2930,21599,11
2931,28673,11
2932,21494,11
2933,4963,11
2934,29038,11
2935,21213,11
2936,25532,11
2937,9697,11
2938,29054,11
2939,29118,11
2940,19816,11
2941,4130,11
2942,29064,11
2943,29061,11
2944,12075,11
2945,31612,11
2946,21380,11
2947,29107,11
2948,4298,11
2949,29125,11
2950,4318,11
2951,21457,11
2952,27164,11
2953,29134,11
2954,29137,11
2955,29157,11
2956,26692,11
2957,29449,11
2958,29167,11
2959,6979,11
2960,31658,11
2961,12058,11
2962,29196,11
2963,28802,11
2964,29200,11
2965,6471,11
2966,8567,11
2967,29228,11
2968,32133,11
2969,4066,11
2970,21646,11
2971,29243,11
2972,29244,11
2973,31689,11
2974,31692,11
2975,29253,11
2976,29871,11
2977,19254,11
2978,12390,11
2979,4736,11
2980,29423,11
2981,32171,11
2982,29269,11
2983,29148,11
2984,15784,11
2985,5164,11
2986,24169,11
2987,4228,11
2988,4219,11
2989,22047,11
2990,29211,11
2991,31899,11
2992,17928,11
2993,17887,11
2994,22744,11
2995,8148,11
2996,4573,11
2997,28082,11
2998,21590,11
2999,31637,11
3000,27185,11
3001,29339,11
3002,2835,11
3003,4173,11
3004,29356,11
3005,2834,11
3006,21815,11
3007,23949,11
3008,4870,11
3009,21923,11
3010,5168,11
3011,4676,11
3012,27273,11
3013,25470,11
3014,3679,11
3015,28656,11
3016,29390,11
3017,3592,11
3018,29404,11
3019,32154,11
3020,12587,11
3021,29417,11
3022,5311,11
3023,29338,11
3024,31847,11
3025,23934,11
3026,31886,11
3027,3513,11
3028,5432,11
3029,4773,11
3030,13185,11
3031,31815,11
3032,29460,11
3033,31464,11
3034,31268,11
3035,11477,11
3036,5269,11
3037,29479,11
3038,5186,11
3039,30148,11
3040,29103,11
3041,32161,11
3042,31844,11
3043,26350,11
3044,25920,11
3045,12971,11
3046,31870,11
3047,29596,11
3048,29560,11
3049,29569,11
3050,28010,11
3051,21061,11
3052,27734,11
3053,21472,10
3054,9637,10
3055,3884,10
3056,641,10
3057,27879,10
3058,27897,10
3059,30975,10
3060,30634,10
3061,8312,10
3062,26553,10
3063,10799,10
3064,19602,10
3065,23481,10
3066,9683,10
3067,27943,10
3068,2459,10
3069,23537,10
3070,23542,10
3071,4461,10
3072,31007,10
3073,2409,10
3074,17155,10
3075,4585,10
3076,31018,10
3077,960,10
3078,12907,10
3079,10188,10
3080,31027,10
3081,31111,10
3082,14483,10
3083,10042,10
3084,28062,10
3085,23699,10
3086,28073,10
3087,20876,10
3088,932,10
3089,24145,10
3090,3914,10
3091,335,10
3092,9563,10
3093,28115,10
3094,14291,10
3095,31243,10
3096,28133,10
3097,28927,10
3098,9934,10
3099,29478,10
3100,8054,10
3101,28139,10
3102,29406,10
3103,29408,10
3104,1183,10
3105,2559,10
3106,12374,10
3107,29179,10
3108,27894,10
3109,1690,10
3110,1249,10
3111,23872,10
3112,30185,10
3113,31131,10
3114,25696,10
3115,30575,10
3116,486,10
3117,28233,10
3118,32168,10
3119,12615,10
3120,1544,10
3121,31167,10
3122,31829,10
3123,10522,10
3124,1380,10
3125,1904,10
3126,32278,10
3127,23298,10
3128,1731,10
3129,18829,10
3130,29335,10
3131,29418,10
3132,32078,10
3133,28235,10
3134,11560,10
3135,21125,10
3136,62,10
3137,31214,10
3138,19412,10
3139,12838,10
3140,20256,10
3141,23479,10
3142,26379,10
3143,32143,10
3144,28355,10
3145,27995,10
3146,31177,10
3147,26308,10
3148,10688,10
3149,28364,10
3150,2000,10
3151,27718,10
3152,23844,10
3153,14265,10
3154,28404,10
3155,28407,10
3156,28427,10
3157,126,10
3158,29857,10
3159,27545,10
3160,24523,10
3161,28440,10
3162,24213,10
3163,1022,10
3164,28454,10
3165,2265,10
3166,31282,10
3167,10258,10
3168,31813,10
3169,9797,10
3170,4056,10
3171,29702,10
3172,28481,10
3173,6304,10
3174,31302,10
3175,31306,10
3176,22702,10
3177,31800,10
3178,20302,10
3179,9890,10
3180,20513,10
3181,31332,10
3182,20525,10
3183,28563,10
3184,2601,10
3185,13049,10
3186,22742,10
3187,28573,10
3188,28362,10
3189,7814,10
3190,2697,10
3191,6563,10
3192,5220,10
3193,28603,10
3194,31634,10
3195,6413,10
3196,28616,10
3197,4164,10
3198,25922,10
3199,23538,10
3200,1332,10
3201,4848,10
3202,31374,10
3203,16772,10
3204,1837,10
3205,26203,10
3206,32098,10
3207,29499,10
3208,18632,10
3209,31318,10
3210,2904,10
3211,16738,10
3212,31389,10
3213,15969,10
3214,26425,10
3215,21657,10
3216,11614,10
3217,26986,10
3218,31401,10
3219,21966,10
3220,8988,10
3221,2893,10
3222,31416,10
3223,22032,10
3224,28700,10
3225,22141,10
3226,28705,10
3227,23820,10
3228,11407,10
3229,14415,10
3230,31436,10
3231,28745,10
3232,28754,10
3233,20878,10
3234,12596,10
3235,1265,10
3236,4903,10
3237,28795,10
3238,20584,10
3239,31484,10
3240,28288,10
3241,1844,10
3242,29469,10
3243,11612,10
3244,11613,10
3245,1932,10
3246,28644,10
3247,21761,10
3248,24768,10
3249,11687,10
3250,31513,10
3251,12819,10
3252,31517,10
3253,29514,10
3254,24814,10
3255,3672,10
3256,12438,10
3257,31433,10
3258,21617,10
3259,11771,10
3260,31691,10
3261,28931,10
3262,17189,10
3263,4278,10
3264,31538,10
3265,31540,10
3266,14565,10
3267,10211,10
3268,15205,10
3269,27560,10
3270,11964,10
3271,28956,10
3272,3806,10
3273,25962,10
3274,32285,10
3275,19443,10
3276,3316,10
3277,3377,10
3278,11076,10
3279,30685,10
3280,22842,10
3281,28997,10
3282,413,10
3283,2428,10
3284,32212,10
3285,29019,10
3286,29546,10
3287,10879,10
3288,31657,10
3289,24986,10
3290,31819,10
3291,15781,10
3292,25959,10
3293,910,10
3294,6685,10
3295,25500,10
3296,25885,10
3297,25145,10
3298,25287,10
3299,29080,10
3300,4200,10
3301,29076,10
3302,360,10
3303,20817,10
3304,45,10
3305,31622,10
3306,17679,10
3307,29106,10
3308,6294,10
3309,8418,10
3310,4413,10
3311,22941,10
3312,29132,10
3313,4384,10
3314,29173,10
3315,21473,10
3316,25139,10
3317,2427,10
3318,29351,10
3319,29160,10
3320,31825,10
3321,19164,10
3322,17566,10
3323,28243,10
3324,29172,10
3325,29184,10
3326,6075,10
3327,31661,10
3328,24796,10
3329,31676,10
3330,29119,10
3331,17085,10
3332,29124,10
3333,32170,10
3334,4901,10
3335,3987,10
3336,2770,10
3337,31292,10
3338,4701,10
3339,29238,10
3340,32136,10
3341,29255,10
3342,6409,10
3343,16970,10
3344,29416,10
3345,25248,10
3346,29496,10
3347,29333,10
3348,983,10
3349,27276,10
3350,29874,10
3351,29111,10
3352,28456,10
3353,9333,10
3354,31812,10
3355,30710,10
3356,25464,10
3357,29374,10
3358,18050,10
3359,3796,10
3360,20448,10
3361,31859,10
3362,21463,10
3363,7288,10
3364,31846,10
3365,21342,10
3366,9864,10
3367,19131,10
3368,29422,10
3369,29426,10
3370,13315,10
3371,29352,10
3372,31548,10
3373,29435,10
3374,31805,10
3375,16817,10
3376,11651,10
3377,27305,10
3378,5365,10
3379,25706,10
3380,31310,10
3381,25635,10
3382,125,10
3383,13128,10
3384,26749,10
3385,2766,10
3386,22140,10
3387,31833,10
3388,5622,10
3389,31840,10
3390,31411,10
3391,4051,10
3392,655,10
3393,18178,10
3394,18005,10
3395,594,10
3396,12797,10
3397,29513,10
3398,23027,10
3399,25704,10
3400,701,10
3401,29526,10
3402,4363,10
3403,29572,10
3404,31865,10
3405,3180,10
3406,22424,10
3407,29556,10
3408,17376,10
3409,5245,10
3410,20296,10
3411,8365,10
3412,5994,10
3413,23500,10
3414,29585,10
3415,32302,10
3416,31903,10
3417,28536,10
3418,29877,10
3419,29607,10
3420,24251,10
3421,29664,10
3422,1191,10
3423,25095,10
3424,8549,10
3425,23287,10
3426,9658,9
3427,30967,9
3428,27869,9
3429,31735,9
3430,27895,9
3431,30978,9
3432,14918,9
3433,27924,9
3434,7150,9
3435,18225,9
3436,27983,9
3437,27681,9
3438,8651,9
3439,32064,9
3440,23599,9
3441,4193,9
3442,28004,9
3443,8360,9
3444,29882,9
3445,27526,9
3446,4693,9
3447,28026,9
3448,31039,9
3449,719,9
3450,31046,9
3451,14047,9
3452,28821,9
3453,28070,9
3454,29308,9
3455,7277,9
3456,12417,9
3457,23709,9
3458,28081,9
3459,31236,9
3460,28085,9
3461,16006,9
3462,11204,9
3463,29524,9
3464,1409,9
3465,29117,9
3466,29837,9
3467,24047,9
3468,19939,9
3469,5301,9
3470,31108,9
3471,1261,9
3472,28163,9
3473,23851,9
3474,28185,9
3475,28186,9
3476,14033,9
3477,13297,9
3478,8713,9
3479,27829,9
3480,10711,9
3481,4551,9
3482,28232,9
3483,10189,9
3484,869,9
3485,20091,9
3486,31155,9
3487,31158,9
3488,31161,9
3489,6820,9
3490,31337,9
3491,3790,9
3492,28271,9
3493,20905,9
3494,24011,9
3495,17464,9
3496,27127,9
3497,5820,9
3498,28218,9
3499,28345,9
3500,7471,9
3501,783,9
3502,10684,9
3503,1926,9
3504,28356,9
3505,7458,9
3506,28381,9
3507,24163,9
3508,28371,9
3509,2038,9
3510,19114,9
3511,16464,9
3512,2099,9
3513,3398,9
3514,31753,9
3515,28430,9
3516,31266,9
3517,22370,9
3518,6127,9
3519,31273,9
3520,1821,9
3521,20423,9
3522,31285,9
3523,28484,9
3524,22177,9
3525,10946,9
3526,28500,9
3527,8672,9
3528,28506,9
3529,28515,9
3530,28521,9
3531,31568,9
3532,31316,9
3533,31317,9
3534,2494,9
3535,5087,9
3536,24960,9
3537,28538,9
3538,31330,9
3539,31334,9
3540,31335,9
3541,28554,9
3542,28559,9
3543,20536,9
3544,6092,9
3545,28567,9
3546,14331,9
3547,17935,9
3548,12828,9
3549,28583,9
3550,2676,9
3551,24406,9
3552,6113,9
3553,13360,9
3554,31360,9
3555,31365,9
3556,28628,9
3557,28634,9
3558,32097,9
3559,31377,9
3560,31384,9
3561,17801,9
3562,20637,9
3563,28668,9
3564,24520,9
3565,1530,9
3566,32282,9
3567,26873,9
3568,28691,9
3569,3009,9
3570,1614,9
3571,14738,9
3572,31423,9
3573,21774,9
3574,2349,9
3575,28742,9
3576,5604,9
3577,2430,9
3578,3084,9
3579,3201,9
3580,27135,9
3581,22128,9
3582,19137,9
3583,3006,9
3584,24591,9
3585,23510,9
3586,1007,9
3587,25030,9
3588,28792,9
3589,3933,9
3590,5058,9
3591,3354,9
3592,27866,9
3593,28676,9
3594,31485,9
3595,28815,9
3596,27400,9
3597,4308,9
3598,19953,9
3599,22290,9
3600,1786,9
3601,8836,9
3602,24738,9
3603,12197,9
3604,31755,9
3605,29283,9
3606,10833,9
3607,3065,9
3608,24758,9
3609,4753,9
3610,13155,9
3611,26826,9
3612,4119,9
3613,28882,9
3614,3593,9
3615,25700,9
3616,28911,9
3617,29350,9
3618,3687,9
3619,28918,9
3620,28922,9
3621,28928,9
3622,26332,9
3623,12607,9
3624,27947,9
3625,31541,9
3626,11305,9
3627,23402,9
3628,20758,9
3629,31545,9
3630,31550,9
3631,13843,9
3632,31552,9
3633,31557,9
3634,12135,9
3635,28982,9
3636,28985,9
3637,31562,9
3638,8442,9
3639,23533,9
3640,2151,9
3641,20189,9
3642,21224,9
3643,21226,9
3644,23811,9
3645,14151,9
3646,4000,9
3647,10179,9
3648,11963,9
3649,13167,9
3650,29057,9
3651,29058,9
3652,29063,9
3653,4632,9
3654,8510,9
3655,31606,9
3656,29654,9
3657,11216,9
3658,29096,9
3659,1998,9
3660,1785,9
3661,1056,9
3662,27961,9
3663,770,9
3664,25075,9
3665,31624,9
3666,22404,9
3667,17779,9
3668,12145,9
3669,23294,9
3670,8463,9
3671,29130,9
3672,31635,9
3673,31638,9
3674,3051,9
3675,5928,9
3676,21476,9
3677,29152,9
3678,8848,9
3679,31651,9
3680,6255,9
3681,29182,9
3682,2651,9
3683,20979,9
3684,3774,9
3685,29188,9
3686,6205,9
3687,5418,9
3688,29195,9
3689,29198,9
3690,29442,9
3691,25344,9
3692,4454,9
3693,12297,9
3694,8019,9
3695,21614,9
3696,29884,9
3697,8068,9
3698,32196,9
3699,17691,9
3700,47,9
3701,18889,9
3702,31970,9
3703,2120,9
3704,29260,9
3705,3991,9
3706,25303,9
3707,24423,9
3708,21684,9
3709,22750,9
3710,12789,9
3711,27146,9
3712,11972,9
3713,8329,9
3714,30908,9
3715,27081,9
3716,31045,9
3717,31718,9
3718,12991,9
3719,31720,9
3720,24938,9
3721,14217,9
3722,28132,9
3723,7954,9
3724,31737,9
3725,2589,9
3726,29359,9
3727,16812,9
3728,29363,9
3729,29355,9
3730,15766,9
3731,4815,9
3732,1206,9
3733,21335,9
3734,29081,9
3735,29367,9
3736,31767,9
3737,29378,9
3738,2136,9
3739,29384,9
3740,29385,9
3741,29386,9
3742,25523,9
3743,29397,9
3744,30927,9
3745,31786,9
3746,11777,9
3747,29419,9
3748,31791,9
3749,31795,9
3750,31797,9
3751,11949,9
3752,27416,9
3753,4778,9
3754,1888,9
3755,29439,9
3756,32295,9
3757,31808,9
3758,29450,9
3759,31817,9
3760,24209,9
3761,31827,9
3762,31828,9
3763,29471,9
3764,14075,9
3765,25529,9
3766,8032,9
3767,10569,9
3768,8877,9
3769,31446,9
3770,12019,9
3771,17994,9
3772,31838,9
3773,31842,9
3774,28319,9
3775,4702,9
3776,12953,9
3777,5371,9
3778,26930,9
3779,10823,9
3780,26828,9
3781,29536,9
3782,25275,9
3783,9702,9
3784,16476,9
3785,29568,9
3786,8675,9
3787,23560,9
3788,18897,9
3789,9302,9
3790,15305,9
3791,31919,9
3792,29636,9
3793,27373,9
3794,22121,9
3795,21976,9
3796,31937,9
3797,17661,9
3798,5853,9
3799,8372,9
3800,18154,8
3801,27872,8
3802,9698,8
3803,19552,8
3804,2575,8
3805,30977,8
3806,19569,8
3807,27926,8
3808,16651,8
3809,3284,8
3810,27966,8
3811,15805,8
3812,21565,8
3813,19727,8
3814,19728,8
3815,7428,8
3816,31026,8
3817,31030,8
3818,28029,8
3819,32275,8
3820,3288,8
3821,28465,8
3822,28060,8
3823,31054,8
3824,31059,8
3825,31064,8
3826,15310,8
3827,10142,8
3828,10150,8
3829,7962,8
3830,31070,8
3831,20144,8
3832,28097,8
3833,31851,8
3834,31080,8
3835,28108,8
3836,31083,8
3837,31091,8
3838,31413,8
3839,19010,8
3840,32073,8
3841,31100,8
3842,7905,8
3843,23829,8
3844,3816,8
3845,31112,8
3846,6737,8
3847,1349,8
3848,31912,8
3849,31134,8
3850,25489,8
3851,28190,8
3852,16231,8
3853,10472,8
3854,14577,8
3855,24882,8
3856,3330,8
3857,28860,8
3858,28304,8
3859,28325,8
3860,31211,8
3861,28330,8
3862,28475,8
3863,3938,8
3864,22203,8
3865,16421,8
3866,2025,8
3867,31242,8
3868,10790,8
3869,28411,8
3870,31257,8
3871,4616,8
3872,10818,8
3873,14261,8
3874,22154,8
3875,28672,8
3876,17403,8
3877,2264,8
3878,31288,8
3879,28474,8
3880,10896,8
3881,31295,8
3882,28490,8
3883,11341,8
3884,2415,8
3885,24486,8
3886,28526,8
3887,21272,8
3888,28540,8
3889,29838,8
3890,19339,8
3891,7930,8
3892,24364,8
3893,16675,8
3894,23454,8
3895,20550,8
3896,2650,8
3897,2666,8
3898,16703,8
3899,2385,8
3900,4694,8
3901,25,8
3902,3034,8
3903,28636,8
3904,28642,8
3905,31013,8
3906,5453,8
3907,16829,8
3908,28652,8
3909,2877,8
3910,19822,8
3911,22508,8
3912,31394,8
3913,3054,8
3914,31399,8
3915,24532,8
3916,31760,8
3917,31415,8
3918,30527,8
3919,3036,8
3920,2879,8
3921,20262,8
3922,6839,8
3923,21793,8
3924,1418,8
3925,5268,8
3926,24571,8
3927,24146,8
3928,6901,8
3929,3327,8
3930,31468,8
3931,3239,8
3932,18326,8
3933,25821,8
3934,31479,8
3935,22461,8
3936,3110,8
3937,18347,8
3938,2738,8
3939,28810,8
3940,22696,8
3941,20992,8
3942,29144,8
3943,31500,8
3944,31502,8
3945,5800,8
3946,11935,8
3947,5993,8
3948,28869,8
3949,5115,8
3950,28875,8
3951,31516,8
3952,3577,8
3953,2530,8
3954,3590,8
3955,28887,8
3956,2438,8
3957,24817,8
3958,31523,8
3959,28914,8
3960,24663,8
3961,3644,8
3962,24630,8
3963,28929,8
3964,3551,8
3965,30149,8
3966,28018,8
3967,28939,8
3968,31537,8
3969,3745,8
3970,31539,8
3971,28946,8
3972,5385,8
3973,31547,8
3974,31554,8
3975,4630,8
3976,184,8
3977,29600,8
3978,2772,8
3979,412,8
3980,29031,8
3981,20038,8
3982,5580,8
3983,28608,8
3984,17719,8
3985,28401,8
3986,31604,8
3987,6323,8
3988,31609,8
3989,29093,8
3990,31615,8
3991,29101,8
3992,20845,8
3993,29848,8
3994,3915,8
3995,16758,8
3996,21789,8
3997,29135,8
3998,16402,8
3999,29154,8
4000,18546,8
4001,29166,8
4002,28248,8
4003,29174,8
4004,12244,8
4005,4550,8
4006,21591,8
4007,8316,8
4008,13417,8
4009,31677,8
4010,29223,8
4011,29226,8
4012,32135,8
4013,29257,8
4014,29234,8
4015,944,8
4016,31699,8
4017,31703,8
4018,19266,8
4019,31705,8
4020,25330,8
4021,12353,8
4022,2532,8
4023,31712,8
4024,25348,8
4025,31726,8
4026,31729,8
4027,7659,8
4028,6697,8
4029,3114,8
4030,29313,8
4031,24336,8
4032,24949,8
4033,306,8
4034,9662,8
4035,8149,8
4036,4287,8
4037,13121,8
4038,22819,8
4039,24550,8
4040,1986,8
4041,25510,8
4042,25515,8
4043,29398,8
4044,15823,8
4045,29409,8
4046,23404,8
4047,11177,8
4048,17933,8
4049,31794,8
4050,20399,8
4051,4908,8
4052,6421,8
4053,846,8
4054,28739,8
4055,11446,8
4056,17951,8
4057,10533,8
4058,6819,8
4059,25637,8
4060,23432,8
4061,5565,8
4062,21539,8
4063,29495,8
4064,4780,8
4065,2507,8
4066,7994,8
4067,31845,8
4068,17699,8
4069,28679,8
4070,4729,8
4071,362,8
4072,5322,8
4073,473,8
4074,24117,8
4075,8305,8
4076,12221,8
4077,16405,8
4078,5851,8
4079,31880,8
4080,31883,8
4081,17963,8
4082,1329,8
4083,714,8
4084,10651,8
4085,8527,8
4086,5194,8
4087,5909,8
4088,31893,8
4089,24469,8
4090,29586,8
4091,4229,8
4092,31902,8
4093,27235,8
4094,25889,8
4095,6376,8
4096,25073,8
4097,22963,8
4098,2745,8
4099,28776,8
4100,31924,8
4101,29632,8
4102,31869,8
4103,29647,8
4104,5527,8
4105,5496,8
4106,28693,8
4107,31381,8
4108,13833,7
4109,19586,7
4110,2458,7
4111,23482,7
4112,2691,7
4113,19641,7
4114,27962,7
4115,30997,7
4116,15806,7
4117,32060,7
4118,27991,7
4119,25974,7
4120,10047,7
4121,22288,7
4122,21972,7
4123,19801,7
4124,16060,7
4125,1080,7
4126,28121,7
4127,1118,7
4128,31095,7
4129,20859,7
4130,10136,7
4131,5989,7
4132,2268,7
4133,29240,7
4134,20602,7
4135,28250,7
4136,31836,7
4137,2444,7
4138,31171,7
4139,31172,7
4140,27439,7
4141,31191,7
4142,20169,7
4143,1665,7
4144,15113,7
4145,28336,7
4146,28387,7
4147,13091,7
4148,31255,7
4149,20305,7
4150,1670,7
4151,28432,7
4152,3862,7
4153,22879,7
4154,401,7
4155,7343,7
4156,14404,7
4157,24272,7
4158,13047,7
4159,3772,7
4160,24304,7
4161,23425,7
4162,26704,7
4163,31331,7
4164,24359,7
4165,23968,7
4166,3381,7
4167,18472,7
4168,2675,7
4169,31350,7
4170,31352,7
4171,2449,7
4172,2705,7
4173,28606,7
4174,24429,7
4175,22395,7
4176,22399,7
4177,9851,7
4178,5930,7
4179,22116,7
4180,3029,7
4181,1028,7
4182,28662,7
4183,2919,7
4184,4467,7
4185,28697,7
4186,10955,7
4187,28033,7
4188,28707,7
4189,26892,7
4190,12083,7
4191,28632,7
4192,11241,7
4193,31386,7
4194,31447,7
4195,31448,7
4196,28768,7
4197,18881,7
4198,11526,7
4199,1897,7
4200,6460,7
4201,28942,7
4202,2863,7
4203,28828,7
4204,5987,7
4205,28831,7
4206,3137,7
4207,3438,7
4208,6868,7
4209,26961,7
4210,3428,7
4211,14534,7
4212,25525,7
4213,22693,7
4214,28949,7
4215,31857,7
4216,28957,7
4217,14835,7
4218,6216,7
4219,4445,7
4220,6909,7
4221,28024,7
4222,29004,7
4223,1970,7
4224,24049,7
4225,25861,7
4226,31488,7
4227,12043,7
4228,21333,7
4229,10159,7
4230,29073,7
4231,29075,7
4232,12141,7
4233,24191,7
4234,31652,7
4235,32211,7
4236,28609,7
4237,29108,7
4238,31632,7
4239,4975,7
4240,7435,7
4241,23598,7
4242,31592,7
4243,29131,7
4244,4381,7
4245,27294,7
4246,3408,7
4247,4333,7
4248,29170,7
4249,4679,7
4250,17162,7
4251,25207,7
4252,1417,7
4253,31666,7
4254,21577,7
4255,66,7
4256,4250,7
4257,29212,7
4258,4349,7
4259,6095,7
4260,12301,7
4261,31682,7
4262,31803,7
4263,25270,7
4264,31710,7
4265,4747,7
4266,31391,7
4267,29533,7
4268,26325,7
4269,31706,7
4270,31707,7
4271,31118,7
4272,31756,7
4273,2374,7
4274,31723,7
4275,5501,7
4276,29306,7
4277,4888,7
4278,31730,7
4279,31734,7
4280,16165,7
4281,3929,7
4282,6434,7
4283,4462,7
4284,29332,7
4285,2726,7
4286,29336,7
4287,3986,7
4288,17368,7
4289,4207,7
4290,30078,7
4291,31746,7
4292,6034,7
4293,25371,7
4294,12572,7
4295,29357,7
4296,5113,7
4297,2560,7
4298,25616,7
4299,22187,7
4300,31762,7
4301,31601,7
4302,19622,7
4303,29380,7
4304,25513,7
4305,32217,7
4306,31743,7
4307,24609,7
4308,1830,7
4309,29399,7
4310,31683,7
4311,31911,7
4312,27873,7
4313,25319,7
4314,25810,7
4315,2417,7
4316,32152,7
4317,24403,7
4318,29845,7
4319,29456,7
4320,29463,7
4321,6324,7
4322,31822,7
4323,456,7
4324,14667,7
4325,22064,7
4326,22988,7
4327,8753,7
4328,515,7
4329,31850,7
4330,1938,7
4331,31925,7
4332,31858,7
4333,29528,7
4334,32297,7
4335,29535,7
4336,25453,7
4337,22967,7
4338,4216,7
4339,24745,7
4340,29904,7
4341,31818,7
4342,4123,7
4343,31809,7
4344,29564,7
4345,29565,7
4346,1992,7
4347,12850,7
4348,3797,7
4349,29731,7
4350,25822,7
4351,25827,7
4352,31901,7
4353,18171,7
4354,31888,7
4355,29598,7
4356,29605,7
4357,31614,7
4358,31916,7
4359,12894,7
4360,12709,7
4361,8218,7
4362,19225,7
4363,24290,7
4364,31636,7
4365,26025,7
4366,31820,7
4367,32305,7
4368,634,7
4369,29682,7
4370,31951,7
4371,17199,7
4372,1715,6
4373,27886,6
4374,6202,6
4375,4706,6
4376,2857,6
4377,23501,6
4378,8247,6
4379,5718,6
4380,32274,6
4381,6723,6
4382,583,6
4383,31022,6
4384,23606,6
4385,29829,6
4386,3535,6
4387,19802,6
4388,142,6
4389,12290,6
4390,9941,6
4391,23766,6
4392,1070,6
4393,27465,6
4394,6529,6
4395,28692,6
4396,14488,6
4397,4178,6
4398,31126,6
4399,27738,6
4400,28205,6
4401,28234,6
4402,23023,6
4403,13505,6
4404,10503,6
4405,23985,6
4406,13492,6
4407,19387,6
4408,1685,6
4409,10545,6
4410,1791,6
4411,31206,6
4412,24091,6
4413,28329,6
4414,24070,6
4415,23040,6
4416,26737,6
4417,22566,6
4418,24158,6
4419,19341,6
4420,2166,6
4421,28444,6
4422,13768,6
4423,31280,6
4424,31303,6
4425,31286,6
4426,8959,6
4427,25033,6
4428,26562,6
4429,24267,6
4430,31296,6
4431,21819,6
4432,29840,6
4433,23459,6
4434,31311,6
4435,9373,6
4436,28525,6
4437,24321,6
4438,15982,6
4439,6262,6
4440,28577,6
4441,23755,6
4442,17730,6
4443,13761,6
4444,28617,6
4445,31362,6
4446,20631,6
4447,1153,6
4448,28637,6
4449,13459,6
4450,24494,6
4451,4543,6
4452,31824,6
4453,2958,6
4454,25374,6
4455,29159,6
4456,18766,6
4457,24162,6
4458,3066,6
4459,15965,6
4460,9331,6
4461,30141,6
4462,11220,6
4463,5308,6
4464,28727,6
4465,4300,6
4466,24597,6
4467,20745,6
4468,7416,6
4469,16224,6
4470,12124,6
4471,16222,6
4472,16032,6
4473,24656,6
4474,2628,6
4475,15804,6
4476,21425,6
4477,485,6
4478,32128,6
4479,25377,6
4480,14021,6
4481,1400,6
4482,28666,6
4483,31510,6
4484,3401,6
4485,24780,6
4486,2688,6
4487,12173,6
4488,6662,6
4489,10873,6
4490,4709,6
4491,16415,6
4492,11028,6
4493,18744,6
4494,12265,6
4495,31530,6
4496,25840,6
4497,10679,6
4498,20477,6
4499,24763,6
4500,7625,6
4501,24914,6
4502,24917,6
4503,4651,6
4504,14390,6
4505,3135,6
4506,29030,6
4507,3666,6
4508,8341,6
4509,10380,6
4510,4061,6
4511,29069,6
4512,25019,6
4513,29070,6
4514,29082,6
4515,24207,6
4516,6816,6
4517,31611,6
4518,24276,6
4519,24123,6
4520,13742,6
4521,29095,6
4522,965,6
4523,25078,6
4524,25097,6
4525,24545,6
4526,32114,6
4527,23256,6
4528,1340,6
4529,6840,6
4530,25136,6
4531,13130,6
4532,26628,6
4533,12222,6
4534,31659,6
4535,23172,6
4536,25193,6
4537,7955,6
4538,4327,6
4539,22922,6
4540,31669,6
4541,29205,6
4542,31675,6
4543,29217,6
4544,26794,6
4545,23325,6
4546,21147,6
4547,18806,6
4548,11631,6
4549,4667,6
4550,29245,6
4551,21658,6
4552,22231,6
4553,11189,6
4554,29263,6
4555,370,6
4556,4108,6
4557,31724,6
4558,24224,6
4559,29312,6
4560,765,6
4561,11238,6
4562,31740,6
4563,19162,6
4564,20852,6
4565,18010,6
4566,31748,6
4567,7780,6
4568,5744,6
4569,31754,6
4570,4731,6
4571,6845,6
4572,21811,6
4573,17782,6
4574,31061,6
4575,20532,6
4576,5417,6
4577,1439,6
4578,17870,6
4579,31766,6
4580,30170,6
4581,5869,6
4582,29379,6
4583,4796,6
4584,31770,6
4585,21141,6
4586,24647,6
4587,2486,6
4588,25535,6
4589,31700,6
4590,12729,6
4591,25360,6
4592,2105,6
4593,1758,6
4594,27994,6
4595,22302,6
4596,8134,6
4597,5362,6
4598,30306,6
4599,28229,6
4600,25251,6
4601,5325,6
4602,17209,6
4603,8264,6
4604,29452,6
4605,29455,6
4606,26501,6
4607,29459,6
4608,31816,6
4609,12816,6
4610,14482,6
4611,5529,6
4612,22030,6
4613,67,6
4614,24729,6
4615,27602,6
4616,25649,6
4617,29480,6
4618,16890,6
4619,5624,6
4620,3446,6
4621,1440,6
4622,25841,6
4623,25698,6
4624,10989,6
4625,5069,6
4626,29527,6
4627,3453,6
4628,29537,6
4629,32142,6
4630,27144,6
4631,21969,6
4632,16642,6
4633,31868,6
4634,20429,6
4635,31872,6
4636,8906,6
4637,25486,6
4638,32203,6
4639,29558,6
4640,29562,6
4641,24673,6
4642,30235,6
4643,10675,6
4644,3927,6
4645,1746,6
4646,31440,6
4647,31894,6
4648,22599,6
4649,23151,6
4650,16182,6
4651,24064,6
4652,4891,6
4653,16200,6
4654,31088,6
4655,26938,6
4656,31782,6
4657,5460,6
4658,29613,6
4659,520,6
4660,22539,6
4661,8703,6
4662,31953,6
4663,1894,6
4664,25912,6
4665,8374,6
4666,31942,6
4667,31105,6
4668,22449,6
4669,2312,6
4670,31885,6
4671,18551,6
4672,18515,6
4673,16803,6
4674,16958,6
4675,6812,6
4676,26518,6
4677,27843,5
4678,27404,5
4679,26345,5
4680,383,5
4681,29888,5
4682,4895,5
4683,25760,5
4684,19468,5
4685,11174,5
4686,2644,5
4687,31040,5
4688,23655,5
4689,28045,5
4690,28076,5
4691,6168,5
4692,31067,5
4693,23776,5
4694,29982,5
4695,5907,5
4696,25942,5
4697,1333,5
4698,23871,5
4699,8326,5
4700,28196,5
4701,7580,5
4702,15888,5
4703,20656,5
4704,367,5
4705,21875,5
4706,31151,5
4707,23525,5
4708,10483,5
4709,560,5
4710,23982,5
4711,14302,5
4712,31180,5
4713,31207,5
4714,7947,5
4715,2292,5
4716,3411,5
4717,22439,5
4718,19505,5
4719,9146,5
4720,27145,5
4721,28402,5
4722,31497,5
4723,3910,5
4724,3076,5
4725,29832,5
4726,31921,5
4727,2319,5
4728,10951,5
4729,5842,5
4730,31323,5
4731,24365,5
4732,6644,5
4733,9315,5
4734,28613,5
4735,24424,5
4736,3232,5
4737,28641,5
4738,18619,5
4739,32293,5
4740,16026,5
4741,28683,5
4742,24543,5
4743,8190,5
4744,322,5
4745,20499,5
4746,6616,5
4747,30980,5
4748,24480,5
4749,11469,5
4750,31585,5
4751,1008,5
4752,22469,5
4753,3302,5
4754,28789,5
4755,27307,5
4756,24682,5
4757,3393,5
4758,22843,5
4759,28854,5
4760,17283,5
4761,1526,5
4762,24518,5
4763,8772,5
4764,28900,5
4765,3574,5
4766,24839,5
4767,31536,5
4768,31553,5
4769,27366,5
4770,28977,5
4771,28983,5
4772,4431,5
4773,21179,5
4774,21245,5
4775,3802,5
4776,3317,5
4777,4004,5
4778,29034,5
4779,4578,5
4780,28984,5
4781,21251,5
4782,4291,5
4783,13752,5
4784,14398,5
4785,4002,5
4786,8699,5
4787,4974,5
4788,5319,5
4789,8018,5
4790,13719,5
4791,25059,5
4792,972,5
4793,28770,5
4794,25091,5
4795,29123,5
4796,3396,5
4797,29127,5
4798,11653,5
4799,11063,5
4800,26186,5
4801,31529,5
4802,6039,5
4803,27120,5
4804,16624,5
4805,29189,5
4806,21387,5
4807,31322,5
4808,5441,5
4809,18569,5
4810,29578,5
4811,2699,5
4812,23475,5
4813,31686,5
4814,4645,5
4815,25147,5
4816,23295,5
4817,29250,5
4818,5031,5
4819,17619,5
4820,29266,5
4821,6826,5
4822,29271,5
4823,29285,5
4824,1462,5
4825,31716,5
4826,27166,5
4827,19550,5
4828,1360,5
4829,3504,5
4830,4407,5
4831,25402,5
4832,27904,5
4833,31741,5
4834,19306,5
4835,29340,5
4836,3238,5
4837,502,5
4838,29349,5
4839,29353,5
4840,22176,5
4841,5030,5
4842,32146,5
4843,27229,5
4844,31771,5
4845,31773,5
4846,31774,5
4847,2416,5
4848,311,5
4849,29391,5
4850,28156,5
4851,3558,5
4852,8280,5
4853,11932,5
4854,10437,5
4855,2883,5
4856,25545,5
4857,31674,5
4858,31788,5
4859,22205,5
4860,25565,5
4861,16110,5
4862,1773,5
4863,25580,5
4864,1128,5
4865,29428,5
4866,31798,5
4867,6121,5
4868,23652,5
4869,6046,5
4870,18614,5
4871,26807,5
4872,27250,5
4873,11079,5
4874,2632,5
4875,1076,5
4876,6278,5
4877,12798,5
4878,25040,5
4879,24361,5
4880,1845,5
4881,5579,5
4882,21720,5
4883,5882,5
4884,1592,5
4885,4881,5
4886,3589,5
4887,29518,5
4888,22337,5
4889,24899,5
4890,7147,5
4891,5760,5
4892,3598,5
4893,10137,5
4894,29529,5
4895,822,5
4896,29534,5
4897,32311,5
4898,31861,5
4899,29382,5
4900,19515,5
4901,18845,5
4902,29540,5
4903,20764,5
4904,5380,5
4905,18179,5
4906,23796,5
4907,29550,5
4908,8782,5
4909,1144,5
4910,25771,5
4911,31877,5
4912,18809,5
4913,29561,5
4914,14017,5
4915,31793,5
4916,31889,5
4917,5152,5
4918,22425,5
4919,55,5
4920,23800,5
4921,31896,5
4922,2137,5
4923,23056,5
4924,29587,5
4925,18215,5
4926,31910,5
4927,3925,5
4928,12413,5
4929,29614,5
4930,6166,5
4931,31917,5
4932,6679,5
4933,4008,5
4934,20685,5
4935,29627,5
4936,31835,5
4937,2482,5
4938,29477,5
4939,12602,5
4940,7670,5
4941,29681,5
4942,20271,5
4943,8086,5
4944,29657,5
4945,3676,5
4946,25929,5
4947,19179,5
4948,28359,5
4949,25958,5
4950,6780,5
4951,29686,5
4952,18125,5
4953,29689,5
4954,2281,5
4955,1762,5
4956,26043,5
4957,18031,5
4958,5821,5
4959,31879,5
4960,31974,5
4961,22043,5
4962,5862,4
4963,3663,4
4964,21886,4
4965,237,4
4966,27921,4
4967,4690,4
4968,23507,4
4969,454,4
4970,31003,4
4971,500,4
4972,28041,4
4973,6331,4
4974,29625,4
4975,1002,4
4976,7413,4
4977,19920,4
4978,8499,4
4979,4197,4
4980,1243,4
4981,2148,4
4982,31123,4
4983,1388,4
4984,23039,4
4985,7151,4
4986,18030,4
4987,29854,4
4988,28278,4
4989,5889,4
4990,13666,4
4991,31854,4
4992,4622,4
4993,1759,4
4994,1760,4
4995,1834,4
4996,24071,4
4997,22160,4
4998,5120,4
4999,974,4
5000,27350,4
5001,4294,4
5002,6125,4
5003,1993,4
5004,28388,4
5005,31241,4
5006,2139,4
5007,2154,4
5008,6050,4
5009,28445,4
5010,1041,4
5011,6036,4
5012,2967,4
5013,2306,4
5014,5015,4
5015,25394,4
5016,4724,4
5017,2420,4
5018,8191,4
5019,695,4
5020,2472,4
5021,2492,4
5022,31326,4
5023,20217,4
5024,937,4
5025,8835,4
5026,2593,4
5027,6910,4
5028,9561,4
5029,2622,4
5030,6103,4
5031,28581,4
5032,4823,4
5033,20874,4
5034,2724,4
5035,24422,4
5036,8067,4
5037,31361,4
5038,2781,4
5039,2903,4
5040,459,4
5041,2986,4
5042,20648,4
5043,4505,4
5044,26212,4
5045,28717,4
5046,11716,4
5047,17556,4
5048,20866,4
5049,3197,4
5050,31444,4
5051,21831,4
5052,7202,4
5053,3264,4
5054,14484,4
5055,9066,4
5056,28778,4
5057,22336,4
5058,24714,4
5059,3435,4
5060,6042,4
5061,3448,4
5062,6392,4
5063,3467,4
5064,31503,4
5065,29644,4
5066,31505,4
5067,27477,4
5068,15452,4
5069,26408,4
5070,28868,4
5071,4271,4
5072,15227,4
5073,3466,4
5074,3618,4
5075,6163,4
5076,3630,4
5077,3639,4
5078,28903,4
5079,21108,4
5080,3673,4
5081,21123,4
5082,22731,4
5083,5846,4
5084,28266,4
5085,18068,4
5086,31098,4
5087,3586,4
5088,3795,4
5089,14469,4
5090,4440,4
5091,3809,4
5092,3813,4
5093,3844,4
5094,28970,4
5095,31589,4
5096,3879,4
5097,3889,4
5098,28998,4
5099,24144,4
5100,6907,4
5101,5650,4
5102,6176,4
5103,1294,4
5104,3992,4
5105,20895,4
5106,32292,4
5107,29046,4
5108,4078,4
5109,6806,4
5110,21893,4
5111,21370,4
5112,4860,4
5113,7898,4
5114,4204,4
5115,6467,4
5116,25053,4
5117,4240,4
5118,759,4
5119,7094,4
5120,23164,4
5121,29129,4
5122,23254,4
5123,25120,4
5124,18643,4
5125,24823,4
5126,29138,4
5127,4358,4
5128,12185,4
5129,4366,4
5130,31380,4
5131,24998,4
5132,31644,4
5133,5483,4
5134,25167,4
5135,22866,4
5136,25815,4
5137,6330,4
5138,31667,4
5139,4571,4
5140,5019,4
5141,31680,4
5142,27993,4
5143,6824,4
5144,17158,4
5145,619,4
5146,4687,4
5147,881,4
5148,18536,4
5149,19105,4
5150,7315,4
5151,20218,4
5152,4732,4
5153,4738,4
5154,4756,4
5155,4923,4
5156,29270,4
5157,12722,4
5158,15242,4
5159,25338,4
5160,29280,4
5161,5279,4
5162,29295,4
5163,4839,4
5164,31113,4
5165,25364,4
5166,2604,4
5167,31725,4
5168,2803,4
5169,2833,4
5170,29318,4
5171,26201,4
5172,31738,4
5173,1805,4
5174,4944,4
5175,4948,4
5176,31993,4
5177,22357,4
5178,19558,4
5179,4991,4
5180,4943,4
5181,1959,4
5182,5046,4
5183,3271,4
5184,3550,4
5185,31758,4
5186,5061,4
5187,6533,4
5188,5080,4
5189,22633,4
5190,5092,4
5191,5097,4
5192,8197,4
5193,31765,4
5194,29190,4
5195,5144,4
5196,3382,4
5197,5162,4
5198,5726,4
5199,1391,4
5200,25046,4
5201,5188,4
5202,3240,4
5203,27856,4
5204,15390,4
5205,21839,4
5206,25519,4
5207,6444,4
5208,5252,4
5209,4902,4
5210,5555,4
5211,25459,4
5212,1880,4
5213,23464,4
5214,22768,4
5215,7965,4
5216,5343,4
5217,31792,4
5218,5823,4
5219,3904,4
5220,5749,4
5221,6649,4
5222,8667,4
5223,27013,4
5224,5374,4
5225,7078,4
5226,5389,4
5227,4350,4
5228,6726,4
5229,6983,4
5230,5420,4
5231,5522,4
5232,5428,4
5233,2290,4
5234,5442,4
5235,5034,4
5236,5478,4
5237,5485,4
5238,25094,4
5239,6971,4
5240,6681,4
5241,5566,4
5242,5568,4
5243,31830,4
5244,20297,4
5245,6237,4
5246,6475,4
5247,5621,4
5248,2037,4
5249,2706,4
5250,18774,4
5251,29494,4
5252,5470,4
5253,5643,4
5254,30935,4
5255,22953,4
5256,5667,4
5257,5668,4
5258,7232,4
5259,5693,4
5260,27431,4
5261,7179,4
5262,3944,4
5263,31849,4
5264,22095,4
5265,6612,4
5266,5010,4
5267,374,4
5268,25688,4
5269,5506,4
5270,6635,4
5271,5096,4
5272,24655,4
5273,31587,4
5274,31860,4
5275,5786,4
5276,12998,4
5277,5804,4
5278,14504,4
5279,6002,4
5280,6715,4
5281,19369,4
5282,31871,4
5283,2775,4
5284,2965,4
5285,5256,4
5286,14581,4
5287,7014,4
5288,29555,4
5289,5892,4
5290,10324,4
5291,6435,4
5292,17857,4
5293,25522,4
5294,8663,4
5295,7098,4
5296,19289,4
5297,6447,4
5298,5953,4
5299,19356,4
5300,5967,4
5301,13103,4
5302,6782,4
5303,6593,4
5304,7135,4
5305,5992,4
5306,1020,4
5307,5533,4
5308,19166,4
5309,4537,4
5310,1666,4
5311,2557,4
5312,29590,4
5313,4792,4
5314,6929,4
5315,6088,4
5316,30732,4
5317,2783,4
5318,6124,4
5319,1419,4
5320,6153,4
5321,12958,4
5322,19058,4
5323,2875,4
5324,13860,4
5325,31918,4
5326,7245,4
5327,7003,4
5328,14611,4
5329,31927,4
5330,6803,4
5331,6282,4
5332,6284,4
5333,6295,4
5334,22125,4
5335,23618,4
5336,6312,4
5337,7859,4
5338,29649,4
5339,1921,4
5340,29652,4
5341,5000,4
5342,31935,4
5343,6339,4
5344,22776,4
5345,29658,4
5346,29661,4
5347,25411,4
5348,4296,4
5349,16650,4
5350,3169,4
5351,22939,4
5352,20786,4
5353,1217,4
5354,6462,4
5355,6580,4
5356,3055,4
5357,6550,4
5358,25461,4
5359,6959,4
5360,6582,4
5361,6600,4
5362,5962,4
5363,29707,4
5364,1043,4
5365,4885,4
5366,6664,4
5367,6674,4
5368,8505,4
5369,31971,4
5370,8919,4
5371,2741,4
5372,29059,4
5373,1776,4
5374,8448,4
5375,29732,4
5376,2298,4
5377,6831,4
5378,19668,4
5379,29497,4
5380,11961,4
5381,26301,4
5382,30437,3
5383,24248,3
5384,7661,3
5385,27980,3
5386,27997,3
5387,4140,3
5388,6621,3
5389,245,3
5390,31781,3
5391,25587,3
5392,11904,3
5393,31153,3
5394,26304,3
5395,13078,3
5396,31213,3
5397,2020,3
5398,31270,3
5399,28458,3
5400,2936,3
5401,8307,3
5402,19815,3
5403,31407,3
5404,853,3
5405,8830,3
5406,5166,3
5407,26324,3
5408,31522,3
5409,17318,3
5410,8053,3
5411,25755,3
5412,6056,3
5413,7421,3
5414,24918,3
5415,18578,3
5416,13855,3
5417,1566,3
5418,2822,3
5419,25021,3
5420,22293,3
5421,4172,3
5422,1895,3
5423,3614,3
5424,1827,3
5425,5592,3
5426,10255,3
5427,7971,3
5428,4648,3
5429,7162,3
5430,6596,3
5431,1736,3
5432,29872,3
5433,28649,3
5434,21751,3
5435,22191,3
5436,3294,3
5437,29322,3
5438,5182,3
5439,20902,3
5440,31757,3
5441,14907,3
5442,29371,3
5443,6031,3
5444,31867,3
5445,19921,3
5446,2350,3
5447,2716,3
5448,31806,3
5449,5848,3
5450,12815,3
5451,24247,3
5452,26367,3
5453,24328,3
5454,31826,3
5455,32158,3
5456,31878,3
5457,6276,3
5458,5032,3
5459,28872,3
5460,3571,3
5461,21790,3
5462,5854,3
5463,8524,3
5464,1702,3
5465,4726,3
5466,8478,3
5467,19334,3
5468,2647,3
5469,4033,3
5470,6038,3
5471,27311,3
5472,1120,3
5473,8957,3
5474,6104,3
5475,1510,3
5476,21814,3
5477,1745,3
5478,29616,3
5479,5321,3
5480,6940,3
5481,22864,3
5482,20040,3
5483,18247,3
5484,31932,3
5485,5022,3
5486,32190,3
5487,6946,3
5488,22366,3
5489,12443,3
5490,1753,3
5491,4593,3
5492,4802,3
5493,5089,3
5494,23386,3
5495,29668,3
5496,5307,3
5497,26848,3
5498,5003,3
5499,4261,3
5500,6165,3
5501,1509,3
5502,27503,3
5503,832,3
5504,23282,3
5505,7440,3
5506,8577,3
5507,25987,3
5508,31954,3
5509,6677,3
5510,11435,3
5511,2271,3
5512,8233,3
5513,5180,3
5514,15372,3
5515,31972,3
5516,27546,3
5517,2814,3
5518,29911,3
5519,7133,3
5520,9674,3
5521,19198,3
5522,28965,3
5523,5978,3
5524,26106,3
5525,30955,2
5526,9726,2
5527,342,2
5528,6015,2
5529,744,2
5530,516,2
5531,13359,2
5532,28009,2
5533,643,2
5534,681,2
5535,13629,2
5536,13388,2
5537,27673,2
5538,3612,2
5539,31081,2
5540,19659,2
5541,8169,2
5542,14039,2
5543,28177,2
5544,7027,2
5545,29493,2
5546,4940,2
5547,10402,2
5548,11276,2
5549,13511,2
5550,18864,2
5551,3935,2
5552,8739,2
5553,8492,2
5554,10743,2
5555,381,2
5556,31256,2
5557,2133,2
5558,24219,2
5559,3779,2
5560,13932,2
5561,32085,2
5562,30503,2
5563,2402,2
5564,14409,2
5565,2466,2
5566,616,2
5567,28584,2
5568,18616,2
5569,2695,2
5570,20629,2
5571,14785,2
5572,31372,2
5573,17332,2
5574,9106,2
5575,30257,2
5576,25158,2
5577,3013,2
5578,13356,2
5579,23797,2
5580,2294,2
5581,16911,2
5582,12415,2
5583,7768,2
5584,9132,2
5585,24035,2
5586,3185,2
5587,20922,2
5588,11518,2
5589,31462,2
5590,8602,2
5591,2467,2
5592,6242,2
5593,28866,2
5594,3749,2
5595,18280,2
5596,31518,2
5597,13048,2
5598,4162,2
5599,2802,2
5600,24212,2
5601,3731,2
5602,2091,2
5603,4093,2
5604,3490,2
5605,8146,2
5606,21320,2
5607,73,2
5608,3924,2
5609,22774,2
5610,31578,2
5611,29074,2
5612,10925,2
5613,2553,2
5614,8211,2
5615,21503,2
5616,7446,2
5617,4439,2
5618,4290,2
5619,29680,2
5620,913,2
5621,9871,2
5622,4344,2
5623,14664,2
5624,4417,2
5625,2788,2
5626,25189,2
5627,8609,2
5628,31671,2
5629,21588,2
5630,31673,2
5631,24182,2
5632,3677,2
5633,30463,2
5634,8746,2
5635,29230,2
5636,4666,2
5637,11289,2
5638,31690,2
5639,5633,2
5640,3158,2
5641,8188,2
5642,6926,2
5643,32004,2
5644,29880,2
5645,436,2
5646,17647,2
5647,5498,2
5648,3842,2
5649,9524,2
5650,3881,2
5651,8779,2
5652,22943,2
5653,9777,2
5654,24703,2
5655,25375,2
5656,5228,2
5657,9921,2
5658,6423,2
5659,1132,2
5660,30442,2
5661,3923,2
5662,5151,2
5663,31742,2
5664,22992,2
5665,29893,2
5666,6984,2
5667,7025,2
5668,31749,2
5669,5021,2
5670,25906,2
5671,5053,2
5672,25313,2
5673,14449,2
5674,2087,2
5675,5095,2
5676,25801,2
5677,11439,2
5678,14507,2
5679,14981,2
5680,24440,2
5681,31621,2
5682,8014,2
5683,5055,2
5684,31783,2
5685,363,2
5686,26215,2
5687,31787,2
5688,954,2
5689,966,2
5690,5310,2
5691,29415,2
5692,29420,2
5693,25576,2
5694,5883,2
5695,31802,2
5696,7474,2
5697,5439,2
5698,29445,2
5699,8521,2
5700,3539,2
5701,31811,2
5702,22443,2
5703,5488,2
5704,4985,2
5705,29466,2
5706,4328,2
5707,5528,2
5708,5531,2
5709,6154,2
5710,17972,2
5711,3487,2
5712,3894,2
5713,1455,2
5714,8768,2
5715,8482,2
5716,4898,2
5717,5278,2
5718,5588,2
5719,4743,2
5720,528,2
5721,24916,2
5722,25668,2
5723,6688,2
5724,2463,2
5725,10214,2
5726,29498,2
5727,2278,2
5728,6602,2
5729,5137,2
5730,5714,2
5731,32165,2
5732,5735,2
5733,9500,2
5734,5751,2
5735,31855,2
5736,2808,2
5737,14804,2
5738,8872,2
5739,3573,2
5740,8742,2
5741,8249,2
5742,17558,2
5743,2743,2
5744,5802,2
5745,8557,2
5746,3768,2
5747,11521,2
5748,31977,2
5749,21817,2
5750,26516,2
5751,13881,2
5752,2452,2
5753,6595,2
5754,6766,2
5755,24735,2
5756,23204,2
5757,12654,2
5758,25518,2
5759,31874,2
5760,31875,2
5761,3840,2
5762,14817,2
5763,8804,2
5764,24459,2
5765,4979,2
5766,31882,2
5767,4477,2
5768,2082,2
5769,13552,2
5770,18020,2
5771,5212,2
5772,5929,2
5773,25027,2
5774,13441,2
5775,8820,2
5776,11955,2
5777,5949,2
5778,18115,2
5779,31890,2
5780,4847,2
5781,25740,2
5782,31891,2
5783,9484,2
5784,7297,2
5785,31892,2
5786,23338,2
5787,6011,2
5788,3728,2
5789,2229,2
5790,522,2
5791,5286,2
5792,29909,2
5793,8284,2
5794,6055,2
5795,5147,2
5796,29583,2
5797,8324,2
5798,25834,2
5799,7307,2
5800,31904,2
5801,25669,2
5802,6079,2
5803,14049,2
5804,5257,2
5805,17723,2
5806,29597,2
5807,25847,2
5808,16409,2
5809,23381,2
5810,180,2
5811,31909,2
5812,6432,2
5813,9572,2
5814,6131,2
5815,13175,2
5816,323,2
5817,2339,2
5818,16156,2
5819,22748,2
5820,31913,2
5821,16472,2
5822,6472,2
5823,8595,2
5824,31915,2
5825,20182,2
5826,8117,2
5827,31984,2
5828,18891,2
5829,8723,2
5830,29620,2
5831,5477,2
5832,29623,2
5833,5946,2
5834,5146,2
5835,5211,2
5836,2364,2
5837,8411,2
5838,5067,2
5839,24884,2
5840,7734,2
5841,1744,2
5842,13248,2
5843,13575,2
5844,14809,2
5845,6272,2
5846,21647,2
5847,27481,2
5848,4118,2
5849,23341,2
5850,24767,2
5851,1968,2
5852,10119,2
5853,21979,2
5854,29648,2
5855,6320,2
5856,22361,2
5857,29656,2
5858,14670,2
5859,31940,2
5860,30389,2
5861,22949,2
5862,5913,2
5863,6538,2
5864,6370,2
5865,5794,2
5866,2755,2
5867,31944,2
5868,6385,2
5869,6701,2
5870,27139,2
5871,7000,2
5872,6398,2
5873,22491,2
5874,12372,2
5875,346,2
5876,20695,2
5877,2908,2
5878,5815,2
5879,22645,2
5880,4819,2
5881,4230,2
5882,6351,2
5883,6258,2
5884,11283,2
5885,6461,2
5886,31946,2
5887,31947,2
5888,14388,2
5889,31948,2
5890,6470,2
5891,25972,2
5892,6480,2
5893,7604,2
5894,7594,2
5895,4520,2
5896,6501,2
5897,20069,2
5898,20711,2
5899,6954,2
5900,22689,2
5901,9053,2
5902,8731,2
5903,19517,2
5904,3105,2
5905,13400,2
5906,31955,2
5907,13313,2
5908,31956,2
5909,6243,2
5910,6571,2
5911,8617,2
5912,8579,2
5913,6162,2
5914,2864,2
5915,22434,2
5916,20030,2
5917,31961,2
5918,22436,2
5919,31962,2
5920,22464,2
5921,21965,2
5922,32308,2
5923,2375,2
5924,4574,2
5925,249,2
5926,31967,2
5927,19297,2
5928,23232,2
5929,6116,2
5930,13429,2
5931,6393,2
5932,13551,2
5933,7561,2
5934,517,2
5935,5570,2
5936,11529,2
5937,5999,2
5938,4499,2
5939,4321,2
5940,868,2
5941,7379,2
5942,13489,2
5943,6716,2
5944,23324,2
5945,22648,2
5946,13694,2
5947,6921,2
5948,4040,2
5949,12773,2
5950,5678,2
5951,29915,2
5952,29736,2
5953,26066,2
5954,8765,2
5955,6814,2
5956,15217,2
5957,13690,2
5958,19011,2
5959,24741,2
5960,24185,2
5961,31982,2
5962,6879,2
5963,31217,2
5964,6886,2
5965,7523,2
5966,19357,2
5967,22507,2
5968,1309,2
5969,4557,2
5970,8748,2
5971,7904,2
5972,1405,2
5973,31986,2
5974,9516,2
5975,6904,2
5976,22383,2
5977,22625,2
5978,19467,2
5979,9619,2
5980,16250,2
5981,7673,2
5982,23121,2
5983,6953,2
5984,12528,2
5985,22728,2
5986,29543,2
5987,4345,2
5988,19927,2
5989,29757,2
5990,6986,2
5991,1390,2
5992,7433,2
5993,22557,2
5994,22657,2
5995,32312,2
5996,31994,2
5997,11323,2
5998,6745,2
5999,226,2
6000,29783,2
6001,6603,2
6002,30108,2
6003,6895,2
6004,26147,2
6005,6292,2
6006,16396,2
6007,18007,2
6008,8244,2
6009,26162,2
6010,18587,2
6011,7118,2
6012,26385,2
6013,7128,2
6014,3506,2
6015,29809,2
6016,26363,2
6017,152,1
6018,266,1
6019,371,1
6020,32061,1
6021,521,1
6022,31014,1
6023,31023,1
6024,9295,1
6025,919,1
6026,19919,1
6027,23781,1
6028,1139,1
6029,6974,1
6030,1276,1
6031,7847,1
6032,31137,1
6033,1511,1
6034,28245,1
6035,1615,1
6036,24079,1
6037,24003,1
6038,8399,1
6039,1867,1
6040,1963,1
6041,28367,1
6042,2030,1
6043,32264,1
6044,2081,1
6045,31258,1
6046,26575,1
6047,2162,1
6048,8791,1
6049,8792,1
6050,7314,1
6051,2274,1
6052,2275,1
6053,28472,1
6054,10891,1
6055,9043,1
6056,6235,1
6057,9045,1
6058,24335,1
6059,5829,1
6060,28591,1
6061,2722,1
6062,20616,1
6063,5422,1
6064,2780,1
6065,20645,1
6066,31369,1
6067,2809,1
6068,2811,1
6069,26724,1
6070,2820,1
6071,24482,1
6072,2869,1
6073,9307,1
6074,2891,1
6075,3145,1
6076,7338,1
6077,8809,1
6078,31432,1
6079,24584,1
6080,32100,1
6081,3127,1
6082,2663,1
6083,8813,1
6084,31435,1
6085,32105,1
6086,31481,1
6087,3387,1
6088,28817,1
6089,32108,1
6090,3429,1
6091,14045,1
6092,11623,1
6093,28844,1
6094,28863,1
6095,3531,1
6096,26962,1
6097,9061,1
6098,9312,1
6099,7079,1
6100,3653,1
6101,18584,1
6102,11574,1
6103,31533,1
6104,8823,1
6105,23775,1
6106,11823,1
6107,9313,1
6108,13224,1
6109,31556,1
6110,8824,1
6111,29010,1
6112,14391,1
6113,7384,1
6114,29047,1
6115,2718,1
6116,31600,1
6117,14397,1
6118,25012,1
6119,25016,1
6120,4179,1
6121,25035,1
6122,4192,1
6123,23290,1
6124,7396,1
6125,8428,1
6126,4241,1
6127,21419,1
6128,7400,1
6129,31633,1
6130,13816,1
6131,29140,1
6132,31641,1
6133,4371,1
6134,7153,1
6135,31647,1
6136,4410,1
6137,32130,1
6138,25162,1
6139,21259,1
6140,19757,1
6141,4464,1
6142,21530,1
6143,6453,1
6144,12250,1
6145,31264,1
6146,4517,1
6147,9072,1
6148,3793,1
6149,25211,1
6150,4565,1
6151,25228,1
6152,4572,1
6153,25242,1
6154,16214,1
6155,4598,1
6156,25246,1
6157,4608,1
6158,25249,1
6159,29235,1
6160,14069,1
6161,25276,1
6162,12383,1
6163,32364,1
6164,29268,1
6165,8570,1
6166,6922,1
6167,25318,1
6168,29272,1
6169,4782,1
6170,4784,1
6171,4785,1
6172,9081,1
6173,29278,1
6174,31711,1
6175,7427,1
6176,15882,1
6177,23329,1
6178,16631,1
6179,4844,1
6180,4880,1
6181,31590,1
6182,31733,1
6183,25379,1
6184,21750,1
6185,6630,1
6186,29319,1
6187,8842,1
6188,25399,1
6189,2203,1
6190,29321,1
6191,25400,1
6192,4954,1
6193,29327,1
6194,4972,1
6195,8796,1
6196,29345,1
6197,25424,1
6198,5018,1
6199,5020,1
6200,5027,1
6201,13218,1
6202,5057,1
6203,25439,1
6204,4237,1
6205,9544,1
6206,25443,1
6207,25445,1
6208,8593,1
6209,499,1
6210,5076,1
6211,6012,1
6212,12633,1
6213,18533,1
6214,9334,1
6215,25498,1
6216,29383,1
6217,31776,1
6218,32147,1
6219,5242,1
6220,25520,1
6221,9088,1
6222,29393,1
6223,5258,1
6224,19350,1
6225,5261,1
6226,31780,1
6227,25530,1
6228,5272,1
6229,9090,1
6230,7459,1
6231,25539,1
6232,25543,1
6233,11153,1
6234,14466,1
6235,8852,1
6236,9335,1
6237,14092,1
6238,25556,1
6239,17588,1
6240,25559,1
6241,7462,1
6242,32148,1
6243,6349,1
6244,25562,1
6245,23267,1
6246,25570,1
6247,25571,1
6248,27682,1
6249,4535,1
6250,5398,1
6251,766,1
6252,7112,1
6253,14478,1
6254,29441,1
6255,9097,1
6256,9098,1
6257,5433,1
6258,4501,1
6259,5451,1
6260,29447,1
6261,25612,1
6262,5467,1
6263,803,1
6264,29451,1
6265,31814,1
6266,14169,1
6267,28589,1
6268,15208,1
6269,25631,1
6270,5512,1
6271,9341,1
6272,32156,1
6273,8633,1
6274,22023,1
6275,31832,1
6276,5576,1
6277,13472,1
6278,9100,1
6279,29482,1
6280,25657,1
6281,5606,1
6282,5608,1
6283,8822,1
6284,29489,1
6285,25665,1
6286,22413,1
6287,13187,1
6288,8866,1
6289,5653,1
6290,22074,1
6291,8157,1
6292,5699,1
6293,29510,1
6294,5674,1
6295,3079,1
6296,29517,1
6297,5730,1
6298,13214,1
6299,9346,1
6300,8870,1
6301,7132,1
6302,9107,1
6303,5745,1
6304,25710,1
6305,9109,1
6306,31856,1
6307,29892,1
6308,32167,1
6309,5759,1
6310,5762,1
6311,5763,1
6312,29531,1
6313,2138,1
6314,14675,1
6315,9348,1
6316,31862,1
6317,31863,1
6318,9111,1
6319,29538,1
6320,9112,1
6321,31864,1
6322,9526,1
6323,29539,1
6324,14117,1
6325,25312,1
6326,8176,1
6327,3799,1
6328,13026,1
6329,8178,1
6330,29548,1
6331,27301,1
6332,5860,1
6333,11313,1
6334,23167,1
6335,31873,1
6336,30578,1
6337,27308,1
6338,5888,1
6339,9115,1
6340,20699,1
6341,25777,1
6342,5896,1
6343,14513,1
6344,5904,1
6345,5905,1
6346,14120,1
6347,5925,1
6348,22211,1
6349,5933,1
6350,3613,1
6351,31887,1
6352,30191,1
6353,21498,1
6354,25806,1
6355,25808,1
6356,32300,1
6357,9126,1
6358,13887,1
6359,5990,1
6360,29575,1
6361,14515,1
6362,6013,1
6363,6017,1
6364,31895,1
6365,31897,1
6366,6027,1
6367,6045,1
6368,18857,1
6369,6052,1
6370,9121,1
6371,9129,1
6372,22258,1
6373,32182,1
6374,18155,1
6375,728,1
6376,29589,1
6377,16354,1
6378,4959,1
6379,8904,1
6380,29592,1
6381,14256,1
6382,9131,1
6383,25842,1
6384,29594,1
6385,14270,1
6386,29595,1
6387,12812,1
6388,31905,1
6389,6105,1
6390,6108,1
6391,25851,1
6392,7172,1
6393,31908,1
6394,32268,1
6395,18886,1
6396,9135,1
6397,25858,1
6398,6130,1
6399,6135,1
6400,6136,1
6401,32291,1
6402,9138,1
6403,25870,1
6404,25872,1
6405,17869,1
6406,7157,1
6407,23397,1
6408,24569,1
6409,29612,1
6410,25875,1
6411,25879,1
6412,15863,1
6413,22305,1
6414,5746,1
6415,12742,1
6416,6188,1
6417,25886,1
6418,13556,1
6419,8438,1
6420,29621,1
6421,8914,1
6422,25890,1
6423,29622,1
6424,32186,1
6425,29624,1
6426,6229,1
6427,31926,1
6428,9362,1
6429,10779,1
6430,32187,1
6431,25894,1
6432,18207,1
6433,25895,1
6434,9364,1
6435,29628,1
6436,19428,1
6437,8209,1
6438,29629,1
6439,6249,1
6440,7557,1
6441,8856,1
6442,27149,1
6443,8694,1
6444,22472,1
6445,11248,1
6446,9367,1
6447,25900,1
6448,6844,1
6449,29638,1
6450,29639,1
6451,6274,1
6452,25903,1
6453,6277,1
6454,29641,1
6455,29642,1
6456,6290,1
6457,6293,1
6458,5040,1
6459,18141,1
6460,31931,1
6461,13279,1
6462,8917,1
6463,9156,1
6464,29645,1
6465,6300,1
6466,25914,1
6467,13283,1
6468,25918,1
6469,31933,1
6470,6318,1
6471,6319,1
6472,29650,1
6473,31934,1
6474,7566,1
6475,5029,1
6476,18243,1
6477,14688,1
6478,25925,1
6479,29655,1
6480,25928,1
6481,6336,1
6482,31938,1
6483,31939,1
6484,29659,1
6485,4649,1
6486,25933,1
6487,6952,1
6488,22371,1
6489,11572,1
6490,6359,1
6491,14593,1
6492,31941,1
6493,22373,1
6494,9372,1
6495,6642,1
6496,6379,1
6497,24308,1
6498,32192,1
6499,9166,1
6500,6390,1
6501,6401,1
6502,6402,1
6503,6403,1
6504,7197,1
6505,9168,1
6506,6408,1
6507,30408,1
6508,14333,1
6509,29671,1
6510,14618,1
6511,19060,1
6512,29673,1
6513,32194,1
6514,13342,1
6515,1060,1
6516,25963,1
6517,22387,1
6518,25484,1
6519,6446,1
6520,14522,1
6521,6449,1
6522,31945,1
6523,25280,1
6524,7588,1
6525,14685,1
6526,25970,1
6527,6465,1
6528,12619,1
6529,25977,1
6530,2533,1
6531,6733,1
6532,32185,1
6533,13372,1
6534,6491,1
6535,6493,1
6536,28735,1
6537,32197,1
6538,9381,1
6539,22414,1
6540,31950,1
6541,25984,1
6542,6509,1
6543,8940,1
6544,8941,1
6545,6516,1
6546,6519,1
6547,6527,1
6548,25988,1
6549,10227,1
6550,32198,1
6551,25989,1
6552,29690,1
6553,29691,1
6554,29692,1
6555,20004,1
6556,2703,1
6557,8242,1
6558,4521,1
6559,29693,1
6560,11796,1
6561,6553,1
6562,25995,1
6563,29694,1
6564,31957,1
6565,31958,1
6566,25997,1
6567,18634,1
6568,25999,1
6569,6573,1
6570,6577,1
6571,18310,1
6572,29701,1
6573,6587,1
6574,9185,1
6575,7603,1
6576,6591,1
6577,6594,1
6578,8251,1
6579,6233,1
6580,6604,1
6581,9187,1
6582,6613,1
6583,6614,1
6584,31963,1
6585,26261,1
6586,26007,1
6587,9190,1
6588,6620,1
6589,8949,1
6590,26519,1
6591,18318,1
6592,31831,1
6593,6631,1
6594,9415,1
6595,21513,1
6596,26014,1
6597,17412,1
6598,6637,1
6599,29712,1
6600,6927,1
6601,26017,1
6602,6639,1
6603,26520,1
6604,27838,1
6605,19389,1
6606,6641,1
6607,9193,1
6608,26019,1
6609,9390,1
6610,10395,1
6611,18743,1
6612,6661,1
6613,8831,1
6614,8727,1
6615,26521,1
6616,31969,1
6617,8951,1
6618,4021,1
6619,9199,1
6620,4722,1
6621,6671,1
6622,16539,1
6623,6673,1
6624,6675,1
6625,7621,1
6626,7623,1
6627,1068,1
6628,6678,1
6629,26029,1
6630,8834,1
6631,29717,1
6632,8253,1
6633,9203,1
6634,7117,1
6635,7628,1
6636,26036,1
6637,6770,1
6638,29720,1
6639,9395,1
6640,23278,1
6641,6706,1
6642,26041,1
6643,32201,1
6644,31973,1
6645,6725,1
6646,6143,1
6647,6732,1
6648,9210,1
6649,29725,1
6650,6744,1
6651,13523,1
6652,29727,1
6653,6009,1
6654,13480,1
6655,16815,1
6656,26053,1
6657,6763,1
6658,8958,1
6659,29734,1
6660,5914,1
6661,26055,1
6662,31975,1
6663,6781,1
6664,26058,1
6665,31976,1
6666,6786,1
6667,22486,1
6668,13498,1
6669,14262,1
6670,6790,1
6671,29738,1
6672,29739,1
6673,26061,1
6674,29912,1
6675,29741,1
6676,6884,1
6677,6798,1
6678,6799,1
6679,31978,1
6680,6804,1
6681,2195,1
6682,6805,1
6683,6807,1
6684,6809,1
6685,31979,1
6686,6086,1
6687,6813,1
6688,30581,1
6689,26067,1
6690,22496,1
6691,6818,1
6692,10368,1
6693,13828,1
6694,23865,1
6695,29744,1
6696,6825,1
6697,13516,1
6698,31980,1
6699,8967,1
6700,5314,1
6701,7654,1
6702,26074,1
6703,29752,1
6704,4432,1
6705,29753,1
6706,14597,1
6707,26076,1
6708,29754,1
6709,26079,1
6710,32204,1
6711,9224,1
6712,6847,1
6713,29758,1
6714,11122,1
6715,6851,1
6716,14367,1
6717,29748,1
6718,6853,1
6719,13539,1
6720,6857,1
6721,14126,1
6722,6719,1
6723,14200,1
6724,6861,1
6725,6862,1
6726,11231,1
6727,6869,1
6728,13965,1
6729,9411,1
6730,26527,1
6731,26086,1
6732,26642,1
6733,9073,1
6734,31983,1
6735,6874,1
6736,9414,1
6737,6875,1
6738,13554,1
6739,26089,1
6740,29760,1
6741,6881,1
6742,6358,1
6743,7666,1
6744,9232,1
6745,26091,1
6746,26092,1
6747,22780,1
6748,6889,1
6749,23703,1
6750,29762,1
6751,32271,1
6752,9417,1
6753,6894,1
6754,9418,1
6755,26098,1
6756,22353,1
6757,29764,1
6758,7671,1
6759,30411,1
6760,13565,1
6761,7674,1
6762,11034,1
6763,18403,1
6764,14856,1
6765,13566,1
6766,13939,1
6767,20682,1
6768,6913,1
6769,6916,1
6770,31988,1
6771,7678,1
6772,31989,1
6773,14612,1
6774,5231,1
6775,6978,1
6776,14598,1
6777,26104,1
6778,9238,1
6779,14613,1
6780,29770,1
6781,355,1
6782,7682,1
6783,7684,1
6784,32174,1
6785,6504,1
6786,15417,1
6787,32208,1
6788,7688,1
6789,14616,1
6790,3181,1
6791,31866,1
6792,26530,1
6793,29771,1
6794,11717,1
6795,29773,1
6796,13933,1
6797,6949,1
6798,26109,1
6799,9245,1
6800,22975,1
6801,32209,1
6802,6956,1
6803,6957,1
6804,7660,1
6805,32210,1
6806,9957,1
6807,6962,1
6808,6963,1
6809,26114,1
6810,6964,1
6811,6965,1
6812,6966,1
6813,26115,1
6814,8893,1
6815,9593,1
6816,9247,1
6817,14621,1
6818,6973,1
6819,27797,1
6820,31992,1
6821,9248,1
6822,6981,1
6823,29777,1
6824,3208,1
6825,6985,1
6826,6988,1
6827,26120,1
6828,6993,1
6829,14624,1
6830,6998,1
6831,6610,1
6832,7700,1
6833,26125,1
6834,7009,1
6835,9438,1
6836,305,1
6837,7018,1
6838,26134,1
6839,26135,1
6840,9259,1
6841,29784,1
6842,7702,1
6843,25054,1
6844,7033,1
6845,12583,1
6846,31995,1
6847,7704,1
6848,31996,1
6849,29786,1
6850,12659,1
6851,19400,1
6852,6285,1
6853,28486,1
6854,6585,1
6855,15849,1
6856,14063,1
6857,26141,1
6858,32054,1
6859,7045,1
6860,31997,1
6861,7599,1
6862,9840,1
6863,5845,1
6864,7051,1
6865,8759,1
6866,23076,1
6867,31998,1
6868,26144,1
6869,8383,1
6870,13568,1
6871,7055,1
6872,9002,1
6873,5424,1
6874,3638,1
6875,26146,1
6876,32001,1
6877,6680,1
6878,7061,1
6879,8846,1
6880,7063,1
6881,32002,1
6882,7064,1
6883,8288,1
6884,13637,1
6885,7717,1
6886,26152,1
6887,26151,1
6888,14591,1
6889,7072,1
6890,29792,1
6891,14233,1
6892,7406,1
6893,7091,1
6894,25234,1
6895,8294,1
6896,22025,1
6897,32005,1
6898,8840,1
6899,23357,1
6900,32006,1
6901,7096,1
6902,32273,1
6903,14631,1
6904,8417,1
6905,13654,1
6906,9007,1
6907,16765,1
6908,9274,1
6909,7102,1
6910,26161,1
6911,25975,1
6912,13655,1
6913,32007,1
6914,9275,1
6915,13163,1
6916,7728,1
6917,9278,1
6918,26164,1
6919,26165,1
6920,7111,1
6921,30464,1
6922,30875,1
6923,29779,1
6924,7113,1
6925,7114,1
6926,26166,1
6927,26534,1
6928,32008,1
6929,7119,1
6930,26167,1
6931,7125,1
6932,26170,1
6933,26171,1
6934,13787,1
6935,7130,1
6936,7733,1
6937,22799,1
6938,22600,1
6939,32009,1
6940,26173,1
6941,26174,1
6942,26175,1
6943,26176,1
6944,7465,1
6945,19948,1
6946,21673,1
6947,29805,1
6948,32214,1
6949,22604,1
6950,29807,1
6951,17485,1
6952,16532,1
6953,24220,1
6954,9014,1
6955,7142,1
6956,6702,1
6957,7144,1
6958,14246,1
6959,2917,1
6960,26179,1
6961,7739,1
6962,7145,1
6963,13616,1
6964,31922,1
6965,7740,1
6966,32010,1
6967,7154,1
6968,26183,1
6969,7156,1
6970,32011,1
6971,32012,1
6972,7167,1
6973,7742,1
6974,26185,1
6975,7174,1
6976,19792,1
6977,7176,1
6978,9462,1
6979,8301,1
6980,29814,1
6981,32013,1
6982,7184,1
6983,29816,1
6984,11693,1
6985,20927,1
6986,7748,1
6987,7194,1
6988,26190,1
6989,26191,1
6990,29822,1
6991,29823,1
6992,32014,1
6993,1463,1
6994,22562,1
6995,6705,1
6996,9291,1
6997,32015,1
6998,4494,1
6999,32219,1
7000,29827,1
7001,7749,1
