Node_ID,In_Degree,Out_Degree,Total_Degree
22,572,0,572
584,502,0,502
231,488,0,488
123,465,0,465
70,438,22,460
166,449,0,449
645,446,0,446
117,439,0,439
438,431,0,431
89,429,0,429
513,427,0,427
30,426,0,426
203,426,0,426
121,419,0,419
19690,25,390,415
368,414,0,414
19548,8,405,413
19839,8,404,412
209,405,0,405
19636,404,0,404
19614,7,394,401
19693,20,380,400
19855,8,390,398
19807,7,390,397
19858,3,390,393
53,385,0,385
19551,9,372,381
457,0,347,347
720,299,0,299
844,294,0,294
582,270,0,270
71,0,260,260
410,198,54,252
135,0,252,252
400,0,243,243
65,0,242,242
514,0,242,242
33,1,240,241
268,0,240,240
586,238,0,238
445,0,237,237
1306,117,117,234
163,0,232,232
193,231,0,231
469,0,229,229
661,0,225,225
100,0,225,225
252,0,221,221
325,117,103,220
716,0,218,218
225,0,218,218
825,115,103,218
651,209,0,209
115,0,196,196
1722,0,193,193
1334,188,0,188
228,184,0,184
339,174,0,174
154,145,26,171
669,163,0,163
748,0,158,158
1321,158,0,158
527,0,157,157
2421,151,4,155
1299,0,151,151
539,150,0,150
501,149,0,149
176,149,0,149
455,145,4,149
36,149,0,149
134,149,0,149
350,149,0,149
277,148,0,148
236,148,0,148
20,148,0,148
270,148,0,148
508,144,4,148
683,148,0,148
429,148,0,148
150,148,0,148
605,148,0,148
57,148,0,148
903,148,0,148
103,148,0,148
638,148,0,148
320,1,141,142
2206,2,139,141
1761,134,4,138
6,99,36,135
95,2,133,135
351,0,133,133
441,133,0,133
449,132,0,132
691,0,129,129
1196,0,128,128
864,128,0,128
158,126,0,126
17,0,125,125
839,125,0,125
697,125,0,125
2003,125,0,125
91,125,0,125
802,124,0,124
1147,0,123,123
190,0,123,123
307,0,123,123
746,0,122,122
1445,0,122,122
837,122,0,122
615,0,120,120
328,119,0,119
1019,0,119,119
1336,118,0,118
918,0,118,118
353,0,118,118
317,118,0,118
471,117,0,117
87,117,0,117
1489,117,0,117
1430,117,0,117
654,0,116,116
109,116,0,116
19710,116,0,116
177,115,0,115
863,0,115,115
1115,115,0,115
38,115,0,115
875,115,0,115
647,0,115,115
857,113,0,113
7849,113,0,113
15941,113,0,113
933,113,0,113
489,113,0,113
9681,113,0,113
16198,113,0,113
2158,113,0,113
389,113,0,113
7763,113,0,113
44,113,0,113
873,113,0,113
7822,113,0,113
7833,113,0,113
10004,113,0,113
2177,113,0,113
23429,113,0,113
816,113,0,113
999,113,0,113
25110,113,0,113
23751,113,0,113
9659,113,0,113
10002,113,0,113
9685,113,0,113
10580,113,0,113
10331,113,0,113
1668,113,0,113
393,113,0,113
7787,113,0,113
549,113,0,113
9657,113,0,113
3897,113,0,113
3165,113,0,113
25314,113,0,113
15780,113,0,113
16142,113,0,113
690,113,0,113
9655,113,0,113
24906,113,0,113
9753,113,0,113
404,0,113,113
15699,113,0,113
285,113,0,113
890,113,0,113
276,1,112,113
2,113,0,113
19819,112,0,112
1620,0,111,111
738,111,0,111
165,0,111,111
3224,111,0,111
42,110,0,110
659,110,0,110
558,110,0,110
724,110,0,110
595,0,110,110
1682,110,0,110
221,110,0,110
299,0,110,110
879,110,0,110
349,0,109,109
847,0,109,109
1740,0,109,109
224,109,0,109
316,0,109,109
2577,0,108,108
3376,108,0,108
867,107,0,107
1093,107,0,107
19856,107,0,107
250,0,107,107
925,106,0,106
532,105,0,105
1818,105,0,105
458,0,103,103
597,0,103,103
431,0,103,103
2581,103,0,103
1983,0,102,102
600,1,101,102
19664,101,0,101
352,101,0,101
971,0,100,100
267,99,0,99
598,99,0,99
286,0,98,98
1913,98,0,98
2210,98,0,98
1185,96,0,96
509,0,96,96
23400,96,0,96
19761,96,0,96
1796,95,0,95
23605,94,0,94
247,93,0,93
899,93,0,93
1017,93,0,93
1036,0,92,92
461,92,0,92
1637,92,0,92
1695,91,0,91
19837,91,0,91
1331,89,0,89
1314,87,0,87
31219,0,87,87
3444,86,0,86
4524,0,86,86
425,86,0,86
420,86,0,86
753,86,0,86
23848,86,0,86
995,85,0,85
1310,0,85,85
10155,84,0,84
1536,42,42,84
1504,84,0,84
10288,84,0,84
9704,84,0,84
9746,84,0,84
9638,84,0,84
405,84,0,84
2836,84,0,84
939,84,0,84
1858,83,0,83
1498,0,82,82
19528,81,0,81
68,81,0,81
2029,80,0,80
4472,80,0,80
1415,80,0,80
1798,79,0,79
2115,79,0,79
1678,79,0,79
298,79,0,79
1831,79,0,79
768,57,22,79
2840,78,0,78
1699,78,0,78
1248,78,0,78
1045,78,0,78
1591,77,0,77
330,76,0,76
1720,76,0,76
2119,76,0,76
3359,76,0,76
2232,75,0,75
20215,74,0,74
1382,38,36,74
2523,38,36,74
160,73,0,73
510,73,0,73
1077,73,0,73
334,72,0,72
442,0,72,72
3289,71,0,71
64,71,0,71
734,71,0,71
928,0,71,71
842,70,0,70
799,69,0,69
466,69,0,69
3472,68,0,68
19639,0,68,68
1039,68,0,68
642,68,0,68
348,67,0,67
1435,67,0,67
3321,66,0,66
657,66,0,66
5145,66,0,66
1034,66,0,66
19677,65,0,65
3202,64,0,64
1452,38,25,63
1122,62,0,62
505,62,0,62
2209,62,0,62
543,62,0,62
776,38,24,62
1459,61,0,61
997,61,0,61
1304,38,23,61
630,38,23,61
354,61,0,61
19570,60,0,60
573,60,0,60
269,60,0,60
834,59,0,59
1136,59,0,59
243,59,0,59
19823,58,0,58
8464,58,0,58
2425,38,20,58
1512,58,0,58
3999,57,0,57
2284,57,0,57
3017,57,0,57
3366,57,0,57
136,56,0,56
23782,56,0,56
443,56,0,56
20955,54,0,54
896,54,0,54
195,54,0,54
1870,54,0,54
664,52,0,52
1603,52,0,52
310,52,0,52
2631,52,0,52
2357,52,0,52
3794,52,0,52
2470,52,0,52
1803,52,0,52
4800,52,0,52
708,52,0,52
295,52,0,52
652,52,0,52
1328,52,0,52
2617,52,0,52
3301,52,0,52
32,52,0,52
222,52,0,52
1693,52,0,52
4067,52,0,52
199,52,0,52
563,52,0,52
10272,52,0,52
23936,52,0,52
2412,52,0,52
174,52,0,52
211,52,0,52
1143,52,0,52
2383,52,0,52
189,52,0,52
1149,52,0,52
2220,52,0,52
2605,52,0,52
1733,52,0,52
4279,52,0,52
3268,52,0,52
1015,52,0,52
4845,52,0,52
923,52,0,52
530,52,0,52
2502,52,0,52
2874,52,0,52
2108,52,0,52
479,52,0,52
547,52,0,52
81,52,0,52
1438,52,0,52
1546,52,0,52
1308,52,0,52
618,52,0,52
2193,52,0,52
105,52,0,52
986,52,0,52
2827,52,0,52
11462,52,0,52
20149,52,0,52
791,52,0,52
2662,52,0,52
2266,51,0,51
107,51,0,51
7874,50,0,50
7926,50,0,50
132,50,0,50
621,50,0,50
7832,50,0,50
7868,50,0,50
7799,50,0,50
1338,50,0,50
1861,50,0,50
7779,50,0,50
7791,50,0,50
275,50,0,50
1326,50,0,50
1058,50,0,50
2714,50,0,50
1709,50,0,50
9922,50,0,50
1428,50,0,50
553,50,0,50
144,50,0,50
3970,50,0,50
432,50,0,50
1770,50,0,50
7813,50,0,50
7966,50,0,50
4147,50,0,50
7831,50,0,50
1404,50,0,50
1570,50,0,50
7776,50,0,50
10920,50,0,50
213,50,0,50
7778,50,0,50
7759,50,0,50
7795,50,0,50
1425,50,0,50
819,50,0,50
387,50,0,50
1961,50,0,50
7886,50,0,50
1857,50,0,50
7894,50,0,50
1669,50,0,50
1402,50,0,50
8015,50,0,50
2156,50,0,50
2055,50,0,50
2378,50,0,50
219,50,0,50
7841,50,0,50
674,50,0,50
7818,50,0,50
692,50,0,50
623,50,0,50
7793,50,0,50
8,50,0,50
2396,50,0,50
7762,50,0,50
7771,50,0,50
7856,50,0,50
7801,50,0,50
2681,50,0,50
2367,50,0,50
1238,50,0,50
3091,50,0,50
2386,50,0,50
3199,50,0,50
1127,50,0,50
7990,50,0,50
24,50,0,50
7809,50,0,50
7774,50,0,50
1138,50,0,50
10435,50,0,50
1568,49,0,49
3781,49,0,49
1475,49,0,49
28236,49,0,49
1064,48,0,48
752,48,0,48
2653,48,0,48
18694,1,47,48
2301,47,0,47
7312,46,0,46
7215,46,0,46
1216,46,0,46
399,46,0,46
2355,46,0,46
709,46,0,46
3270,46,0,46
1860,46,0,46
1289,46,0,46
2551,46,0,46
2750,46,0,46
3596,46,0,46
4227,46,0,46
262,46,0,46
1487,46,0,46
2391,46,0,46
1269,46,0,46
283,46,0,46
1532,46,0,46
755,46,0,46
588,46,0,46
679,46,0,46
1781,46,0,46
1655,46,0,46
1001,46,0,46
7207,46,0,46
2598,46,0,46
2146,46,0,46
1978,46,0,46
2512,46,0,46
3126,46,0,46
7354,46,0,46
1083,46,0,46
491,46,0,46
4314,46,0,46
2980,46,0,46
1209,46,0,46
1707,46,0,46
2258,46,0,46
2943,46,0,46
2443,46,0,46
4588,46,0,46
534,46,0,46
2795,46,0,46
2356,46,0,46
575,46,0,46
3068,46,0,46
258,46,0,46
706,46,0,46
28,46,0,46
1287,46,0,46
2455,46,0,46
1082,46,0,46
852,46,0,46
1645,46,0,46
556,46,0,46
2677,46,0,46
537,46,0,46
1162,46,0,46
1981,46,0,46
667,46,0,46
625,46,0,46
1087,46,0,46
813,46,0,46
290,46,0,46
1301,46,0,46
3717,46,0,46
673,46,0,46
1174,46,0,46
565,46,0,46
805,46,0,46
2611,46,0,46
2094,46,0,46
2185,46,0,46
4131,46,0,46
1901,46,0,46
2337,46,0,46
7271,46,0,46
366,46,0,46
60,46,0,46
14,46,0,46
2076,46,0,46
260,46,0,46
7211,46,0,46
809,46,0,46
1103,46,0,46
1671,46,0,46
24054,3,43,46
3906,46,0,46
1241,46,0,46
2679,46,0,46
1730,46,0,46
7341,46,0,46
1259,46,0,46
10,46,0,46
2328,46,0,46
3043,46,0,46
2500,46,0,46
1581,46,0,46
1873,46,0,46
2588,46,0,46
569,46,0,46
2471,46,0,46
287,45,0,45
1368,45,0,45
3194,45,0,45
22304,5,40,45
451,45,0,45
9883,44,0,44
9914,44,0,44
19944,3,41,44
9728,44,0,44
9700,44,0,44
9743,44,0,44
2812,44,0,44
9964,44,0,44
9880,44,0,44
23931,5,39,44
10940,44,0,44
10930,44,0,44
10356,44,0,44
9869,44,0,44
10020,44,0,44
9816,44,0,44
10559,44,0,44
9679,44,0,44
9786,44,0,44
10364,44,0,44
187,44,0,44
23950,3,40,43
19820,43,0,43
23415,3,40,43
207,43,0,43
20058,43,0,43
23468,3,40,43
1346,43,0,43
20336,3,40,43
20715,0,43,43
1691,43,0,43
2437,43,0,43
20078,3,40,43
22660,4,39,43
1560,42,0,42
22551,3,39,42
915,42,0,42
1519,42,0,42
1800,42,0,42
795,42,0,42
1847,42,0,42
3620,42,0,42
3622,42,0,42
20454,42,0,42
2796,42,0,42
19962,3,39,42
167,42,0,42
2474,42,0,42
1811,42,0,42
3081,42,0,42
20027,3,39,42
1485,42,0,42
345,42,0,42
373,42,0,42
2429,41,0,41
1531,41,0,41
1437,41,0,41
1657,0,41,41
608,41,0,41
2341,41,0,41
1434,0,41,41
7209,40,0,40
7216,40,0,40
7319,40,0,40
7251,40,0,40
51,40,0,40
391,40,0,40
1447,40,0,40
7234,40,0,40
49,40,0,40
4171,40,0,40
7249,40,0,40
7269,40,0,40
3276,40,0,40
812,40,0,40
7308,40,0,40
79,40,0,40
4048,40,0,40
2362,40,0,40
2520,40,0,40
7293,40,0,40
2797,40,0,40
11711,40,0,40
2859,40,0,40
7260,40,0,40
16,40,0,40
7385,40,0,40
10074,40,0,40
7328,40,0,40
9663,40,0,40
2236,40,0,40
4680,40,0,40
3295,40,0,40
7240,40,0,40
7228,40,0,40
948,40,0,40
7244,40,0,40
7226,40,0,40
1097,40,0,40
4148,40,0,40
9770,40,0,40
951,40,0,40
2050,40,0,40
7241,40,0,40
75,40,0,40
2870,40,0,40
423,40,0,40
10678,40,0,40
11222,40,0,40
19223,1,38,39
22552,1,38,39
2060,39,0,39
23645,6,33,39
356,39,0,39
25916,1,38,39
273,39,0,39
2026,39,0,39
15938,1,38,39
3102,39,0,39
2095,39,0,39
4605,39,0,39
12123,1,37,38
2048,38,0,38
343,38,0,38
1233,38,0,38
1156,38,0,38
1517,38,0,38
32096,1,37,38
901,38,0,38
613,38,0,38
233,38,0,38
24761,4,34,38
8457,38,0,38
254,38,0,38
2132,0,38,38
256,38,0,38
1343,38,0,38
27411,1,37,38
988,38,0,38
23529,1,37,38
747,38,0,38
3609,37,0,37
1473,37,0,37
238,37,0,37
1927,37,0,37
13669,1,36,37
2446,37,0,37
1267,37,0,37
2485,0,37,37
20716,6,31,37
4533,37,0,37
9991,36,0,36
99,36,0,36
11001,36,0,36
7223,36,0,36
725,0,36,36
9751,36,0,36
3669,36,0,36
9981,36,0,36
3945,36,0,36
22362,5,31,36
1965,36,0,36
10010,36,0,36
10328,36,0,36
662,36,0,36
4373,1,35,36
2672,36,0,36
2009,36,0,36
2125,36,0,36
1641,36,0,36
2419,36,0,36
10453,36,0,36
24979,1,34,35
9730,35,0,35
21553,4,31,35
23530,3,32,35
22460,3,32,35
1869,0,35,35
1357,35,0,35
3292,35,0,35
1176,35,0,35
22745,34,0,34
2096,34,0,34
23440,34,0,34
138,34,0,34
19514,5,29,34
19526,3,31,34
20798,5,29,34
19686,5,29,34
1251,0,33,33
7956,33,0,33
205,33,0,33
8407,33,0,33
20651,3,30,33
24919,6,27,33
164,33,0,33
22579,3,30,33
22695,32,0,32
24017,3,29,32
22629,32,0,32
21345,5,27,32
22559,32,0,32
1166,32,0,32
7634,32,0,32
2150,32,0,32
1105,32,0,32
24029,4,28,32
23629,3,29,32
8687,31,0,31
16853,1,30,31
3404,31,0,31
7967,31,0,31
61,0,31,31
24451,3,28,31
23998,31,0,31
23617,2,29,31
8780,31,0,31
3025,31,0,31
7920,30,0,30
807,30,0,30
1389,30,0,30
23809,30,0,30
2320,30,0,30
8002,30,0,30
8973,0,30,30
4446,30,0,30
2039,30,0,30
31472,1,28,29
23886,29,0,29
5818,29,0,29
23989,3,26,29
31695,1,28,29
23428,3,26,29
19144,1,28,29
31139,1,28,29
24294,3,26,29
31626,1,28,29
5183,29,0,29
31521,1,28,29
1843,29,0,29
31480,1,28,29
22483,3,26,29
31309,0,29,29
25028,2,27,29
31491,1,28,29
20143,29,0,29
30982,1,28,29
2392,1,28,29
20208,1,28,29
31252,0,28,28
16844,0,28,28
1539,28,0,28
6712,28,0,28
31094,1,27,28
31089,0,28,28
31041,0,28,28
24971,3,25,28
27871,0,28,28
31009,1,27,28
28022,0,28,28
7324,0,28,28
31119,0,28,28
929,28,0,28
5399,28,0,28
31535,1,27,28
23910,2,26,28
3697,28,0,28
5291,0,28,28
3723,28,0,28
28571,0,28,28
28418,0,28,28
23743,3,25,28
31327,0,28,28
24794,3,25,28
22610,3,25,28
13652,0,28,28
8103,0,28,28
31551,1,27,28
31176,0,28,28
31076,0,28,28
21572,0,28,28
28826,0,28,28
817,28,0,28
1988,0,28,28
31029,0,28,28
31631,0,28,28
31496,0,28,28
20775,0,28,28
10223,28,0,28
28924,0,28,28
31451,0,28,28
31300,0,28,28
25122,0,28,28
28507,0,28,28
31006,0,28,28
31170,1,27,28
10715,0,28,28
31144,0,28,28
31148,0,28,28
767,0,28,28
31142,1,27,28
31351,0,28,28
8377,28,0,28
31563,0,28,28
28181,0,28,28
28321,0,28,28
31347,0,27,27
31049,0,27,27
31519,0,27,27
28151,0,27,27
31736,0,27,27
1588,27,0,27
1594,0,27,27
23840,0,27,27
27922,0,27,27
545,27,0,27
28268,0,27,27
31315,0,27,27
30971,0,27,27
28241,0,27,27
28514,0,27,27
15822,0,27,27
31178,0,27,27
28114,0,27,27
23909,0,27,27
19529,0,27,27
31445,0,27,27
31341,1,26,27
2200,27,0,27
29310,0,27,27
26132,0,27,27
24109,0,27,27
21117,27,0,27
31084,0,27,27
31090,0,27,27
31250,1,26,27
22375,2,25,27
21953,0,27,27
153,0,27,27
31150,0,27,27
7225,0,27,27
31471,1,26,27
23624,0,27,27
31588,1,26,27
17098,0,27,27
30979,1,26,27
24107,0,27,27
17467,0,26,26
23551,3,23,26
11107,0,26,26
15448,26,0,26
28625,0,26,26
952,26,0,26
31239,1,25,26
10238,0,26,26
31159,0,26,26
31646,1,25,26
4564,26,0,26
31185,0,26,26
28032,0,26,26
31135,0,26,26
31190,1,25,26
28562,0,26,26
29261,0,26,26
9983,0,26,26
31069,0,26,26
1639,26,0,26
31333,0,26,26
31431,1,25,26
31580,0,26,26
28299,0,26,26
16164,0,26,26
3172,26,0,26
31166,0,26,26
25747,0,26,26
31114,0,26,26
29334,0,25,25
31075,1,24,25
31103,0,25,25
20109,0,25,25
28714,0,25,25
27875,0,25,25
28781,0,25,25
27367,0,25,25
743,0,25,25
31156,0,25,25
30965,1,24,25
6024,25,0,25
28873,0,25,25
31603,0,25,25
24896,3,22,25
24300,0,25,25
1647,25,0,25
31051,0,25,25
13811,0,25,25
31227,0,25,25
214,0,25,25
12609,0,25,25
31312,0,25,25
28130,0,25,25
14204,25,0,25
27906,0,25,25
8040,25,0,25
1664,25,0,25
19980,3,22,25
2295,0,25,25
31542,1,24,25
2525,0,25,25
28994,0,25,25
9033,25,0,25
23205,25,0,25
31000,0,25,25
29976,0,25,25
28293,0,25,25
2924,0,25,25
31404,0,25,25
23467,1,24,25
28580,0,25,25
31565,0,25,25
31248,1,24,25
20484,0,25,25
1486,1,24,25
24652,0,25,25
2995,25,0,25
24296,0,25,25
25610,0,25,25
31388,0,25,25
5859,24,0,24
24252,0,24,24
28830,0,24,24
21424,1,23,24
27957,0,24,24
3990,0,24,24
28740,0,24,24
31262,0,24,24
28326,0,24,24
25007,24,0,24
31050,0,24,24
31400,0,24,24
1529,0,24,24
11722,0,24,24
31165,1,23,24
31187,1,23,24
31116,0,24,24
31514,1,23,24
31209,0,24,24
7773,24,0,24
24633,0,24,24
31186,0,24,24
28840,0,24,24
29032,0,24,24
20343,0,24,24
31298,0,24,24
25756,1,23,24
19530,0,24,24
13422,0,24,24
31466,0,24,24
1969,0,24,24
28140,0,24,24
31224,1,23,24
31102,1,23,24
10262,0,24,24
31560,0,24,24
16942,0,24,24
31470,0,24,24
28291,0,24,24
6053,24,0,24
30957,0,24,24
31313,1,23,24
27893,0,24,24
10275,0,24,24
28173,0,24,24
28630,0,24,24
11456,1,23,24
6546,24,0,24
20076,0,24,24
31584,1,23,24
31363,0,24,24
31620,0,24,24
9775,0,24,24
31393,0,24,24
31608,0,24,24
20133,0,24,24
28485,0,24,24
27885,0,24,24
29100,0,24,24
23644,0,24,24
29066,0,24,24
26886,0,24,24
1832,0,24,24
27928,0,23,23
28208,0,23,23
28192,0,23,23
28176,0,23,23
17172,0,23,23
24883,0,23,23
31495,0,23,23
12688,0,23,23
705,0,23,23
31467,0,23,23
28503,0,23,23
29027,0,23,23
31355,0,23,23
28638,0,23,23
28670,0,23,23
31216,1,22,23
1194,0,23,23
31534,0,23,23
24285,8,15,23
31482,1,22,23
27949,0,23,23
31299,0,23,23
28884,0,23,23
3854,23,0,23
314,0,23,23
29006,0,23,23
31418,0,23,23
31141,0,23,23
18924,1,22,23
10977,0,23,23
31229,0,23,23
31463,1,22,23
24226,0,23,23
31074,1,22,23
5248,23,0,23
31368,1,22,23
24034,0,23,23
29165,0,23,23
16465,0,23,23
30998,0,23,23
28244,0,23,23
28315,0,23,23
31043,1,22,23
31238,0,23,23
31424,0,23,23
23665,8,15,23
31182,1,22,23
28126,0,23,23
28350,0,23,23
24820,0,23,23
31037,0,23,23
12057,0,23,23
564,0,23,23
31203,0,23,23
620,0,23,23
27944,0,23,23
20241,23,0,23
1898,23,0,23
24132,0,23,23
31581,0,23,23
15754,0,23,23
31125,1,22,23
31202,0,23,23
28709,0,23,23
30988,1,22,23
24015,0,23,23
28109,0,23,23
31598,0,23,23
20981,1,22,23
17048,0,23,23
31253,0,23,23
31511,0,23,23
25056,0,23,23
22910,23,0,23
20918,2,21,23
10415,23,0,23
31120,1,22,23
27971,0,23,23
23523,0,23,23
31290,0,23,23
2244,0,23,23
30031,1,22,23
16312,0,23,23
27955,0,23,23
3845,0,23,23
30972,0,23,23
31152,0,23,23
28650,0,23,23
10762,0,23,23
11229,0,23,23
20157,0,23,23
31507,0,23,23
31383,0,23,23
31702,0,23,23
161,0,23,23
31276,0,23,23
31359,0,23,23
877,23,0,23
24692,0,23,23
31460,0,23,23
31169,0,23,23
31376,0,23,23
31576,1,22,23
4184,23,0,23
31366,1,22,23
28950,0,23,23
28202,0,23,23
5383,23,0,23
5750,23,0,23
31348,1,22,23
4372,19,4,23
31465,0,23,23
28112,0,23,23
31063,0,23,23
31458,0,23,23
28252,0,23,23
29405,0,23,23
31453,1,22,23
28908,0,23,23
26799,0,23,23
31428,0,23,23
28209,0,22,22
31379,0,22,22
2092,2,20,22
2991,22,0,22
27920,0,22,22
11698,0,22,22
28123,0,22,22
1312,0,22,22
2071,0,22,22
28919,0,22,22
31194,0,22,22
29060,0,22,22
23521,0,22,22
28174,0,22,22
31602,1,21,22
31019,0,22,22
26045,0,22,22
31245,0,22,22
28696,0,22,22
31183,0,22,22
30973,0,22,22
28787,0,22,22
31184,0,22,22
28011,0,22,22
24547,0,22,22
2937,1,21,22
27874,0,22,22
27974,0,22,22
24186,0,22,22
24164,0,22,22
31199,0,22,22
28838,0,22,22
16081,0,22,22
31010,0,22,22
16971,0,22,22
31426,0,22,22
10166,0,22,22
19788,0,22,22
19903,0,22,22
3888,22,0,22
28020,0,22,22
23635,0,22,22
28818,0,22,22
3210,22,0,22
18397,0,22,22
18455,0,22,22
31261,0,22,22
28948,0,22,22
24263,0,22,22
31408,0,22,22
28290,0,22,22
4509,22,0,22
23469,0,22,22
31011,0,22,22
31687,0,22,22
28219,0,22,22
30849,0,22,22
28823,0,22,22
31430,1,21,22
27932,0,22,22
4664,0,22,22
31406,0,22,22
10499,0,22,22
29021,0,22,22
31038,0,22,22
26595,0,22,22
29294,0,22,22
30961,0,22,22
28187,0,22,22
31582,0,22,22
7254,22,0,22
31200,0,22,22
31461,0,22,22
31364,0,22,22
17878,0,22,22
235,0,22,22
23438,0,22,22
31648,0,22,22
30987,0,22,22
28370,0,22,22
31055,1,21,22
4322,0,22,22
31279,0,22,22
26792,0,22,22
28416,0,22,22
16176,0,22,22
12589,1,21,22
31021,0,22,22
31034,0,22,22
23604,0,22,22
31439,0,22,22
21051,0,22,22
28476,0,22,22
28260,0,22,22
28337,0,22,22
29197,0,22,22
1395,22,0,22
30969,0,22,22
30992,0,22,22
31287,0,22,22
28366,0,22,22
28622,0,22,22
31344,0,22,22
31457,0,22,22
1866,0,22,22
31104,0,22,22
31198,0,22,22
28162,0,22,22
31005,0,22,22
31263,0,22,22
31189,0,22,22
31110,0,22,22
24708,0,22,22
30990,0,22,22
24309,0,22,22
11417,0,22,22
5132,0,22,22
5126,22,0,22
31640,0,22,22
24610,0,22,22
27867,0,22,22
2395,0,22,22
31154,0,22,22
28968,0,22,22
31077,1,21,22
29153,0,22,22
1580,1,21,22
2333,0,22,22
17273,0,22,22
27791,0,22,22
28479,0,22,22
31571,0,22,22
24265,0,22,22
28535,0,22,22
31412,0,22,22
15641,0,22,22
31367,0,22,22
30968,0,22,22
31221,0,22,22
31284,1,21,22
31274,0,22,22
31498,0,22,22
341,22,0,22
3132,0,22,22
28991,0,22,22
30827,0,22,22
28801,0,21,21
28798,0,21,21
31204,0,21,21
28118,0,21,21
31188,0,21,21
28410,0,21,21
27857,0,21,21
24255,0,21,21
28746,0,21,21
31162,0,21,21
31492,0,21,21
31549,0,21,21
31233,0,21,21
22773,21,0,21
31267,0,21,21
28001,0,21,21
23417,0,21,21
19942,0,21,21
20765,0,21,21
31420,0,21,21
31124,0,21,21
21559,0,21,21
30983,0,21,21
1262,0,21,21
28785,0,21,21
28147,0,21,21
25465,0,21,21
25775,0,21,21
27914,0,21,21
1933,0,21,21
11966,0,21,21
28079,0,21,21
31405,0,21,21
21190,0,21,21
11550,0,21,21
5469,21,0,21
12640,1,20,21
4850,21,0,21
28400,0,21,21
2045,0,21,21
26816,0,21,21
32115,1,20,21
27057,0,21,21
2352,0,21,21
23591,3,18,21
29094,0,21,21
24642,0,21,21
29438,0,21,21
20327,0,21,21
31130,0,21,21
28681,0,21,21
31382,0,21,21
6200,21,0,21
24094,0,21,21
8235,21,0,21
5221,21,0,21
2954,0,21,21
30999,0,21,21
9790,0,21,21
3390,21,0,21
26587,0,21,21
31132,0,21,21
13626,0,21,21
2001,21,0,21
27960,0,21,21
16157,0,21,21
23622,0,21,21
1910,20,0,20
19996,0,20,20
32288,1,19,20
2015,20,0,20
10638,0,20,20
7573,20,0,20
27831,1,19,20
31281,1,19,20
6060,20,0,20
27255,0,20,20
3698,1,19,20
31193,1,19,20
4100,20,0,20
3471,0,20,20
6172,20,0,20
19140,1,19,20
10751,1,19,20
1984,20,0,20
2183,0,20,20
4459,20,0,20
31121,0,20,20
16428,1,19,20
428,0,20,20
28230,0,20,20
3641,20,0,20
628,20,0,20
2171,20,0,20
5284,20,0,20
4734,20,0,20
28457,0,20,20
2713,0,20,20
31259,0,19,19
21752,0,19,19
4221,19,0,19
31402,1,18,19
31617,0,19,19
16979,1,18,19
820,19,0,19
16135,1,18,19
16166,0,19,19
3507,1,18,19
31164,0,19,19
28348,0,19,19
1089,19,0,19
23832,19,0,19
31201,0,19,19
28311,0,19,19
31821,0,19,19
28870,0,19,19
10246,0,19,19
28063,0,19,19
2962,0,19,19
29346,0,19,19
31595,1,18,19
22530,19,0,19
576,0,19,19
31138,1,18,19
31672,1,18,19
2304,1,18,19
29169,1,18,19
31456,0,19,19
291,19,0,19
6718,19,0,19
8012,19,0,19
21916,1,18,19
31035,1,18,19
19751,0,19,19
9754,0,19,19
31212,1,18,19
28800,0,19,19
27989,0,19,19
26641,0,19,19
30993,0,19,19
31015,1,18,19
28129,0,19,19
21876,19,0,19
31422,0,19,19
4562,0,19,19
3392,0,19,19
17307,0,19,19
21546,19,0,19
4516,19,0,19
27912,0,19,19
31228,1,18,19
18325,1,18,19
31307,0,19,19
30915,0,19,19
31664,0,19,19
31086,0,19,19
1626,19,0,19
2008,0,19,19
32289,1,18,19
29072,0,19,19
31629,1,18,19
15974,0,19,19
34,19,0,19
31594,0,19,19
31452,0,19,19
30989,1,18,19
30954,0,19,19
1500,19,0,19
10606,19,0,19
29248,0,18,18
6221,18,0,18
31232,1,17,18
5721,18,0,18
3364,18,0,18
30384,0,18,18
1192,1,17,18
5191,18,0,18
31610,0,18,18
31349,0,18,18
31419,1,17,18
30970,0,18,18
2057,1,17,18
3443,1,17,18
28891,0,18,18
31356,0,18,18
28146,0,18,18
1719,1,17,18
28094,0,18,18
3952,18,0,18
2080,1,17,18
28877,0,18,18
2953,1,17,18
28721,0,18,18
31052,1,17,18
31179,1,17,18
31210,0,18,18
24166,0,18,18
23406,0,18,18
31628,0,18,18
376,0,18,18
11128,0,18,18
29168,0,18,18
1316,18,0,18
27882,0,18,18
2902,2,16,18
27063,18,0,18
31719,1,17,18
1204,18,0,18
481,18,0,18
30994,1,17,18
3843,0,18,18
30963,0,18,18
28555,0,18,18
28246,0,18,18
21360,1,17,18
23875,1,17,18
27968,0,18,18
31278,0,18,18
11211,0,18,18
17182,1,17,18
4095,1,17,18
19945,0,18,18
31247,1,17,18
29209,0,18,18
28068,0,18,18
21037,0,18,18
31520,0,18,18
13687,1,17,18
1211,0,18,18
29043,0,18,18
28487,0,18,18
24083,0,18,18
28222,0,18,18
9897,0,18,18
2993,1,17,18
28255,0,18,18
20554,0,18,18
31627,0,18,18
1905,0,18,18
31397,1,17,18
28240,0,18,18
31283,0,18,18
31639,0,18,18
22134,13,5,18
31271,0,18,18
27858,0,18,18
15727,0,18,18
644,0,18,18
2944,0,18,18
24278,0,18,18
28119,0,18,18
31072,1,17,18
28782,0,18,18
21267,0,18,18
31215,0,18,18
8087,18,0,18
19271,1,17,18
31235,0,18,18
3883,1,17,18
18750,0,18,18
31569,1,17,18
31244,0,18,18
31147,0,18,18
29291,0,18,18
5998,1,17,18
27946,0,17,17
1436,0,17,17
2855,17,0,17
32124,1,16,17
14102,0,17,17
32290,1,16,17
13249,1,16,17
19650,0,17,17
28971,0,17,17
2221,0,17,17
2035,17,0,17
28390,0,17,17
28752,0,17,17
23157,17,0,17
32284,17,0,17
4566,17,0,17
28134,0,17,17
761,17,0,17
29216,0,17,17
31483,1,16,17
3554,0,17,17
835,17,0,17
31272,1,16,17
28586,0,17,17
26376,1,16,17
7361,17,0,17
151,2,15,17
31301,1,16,17
4015,1,16,17
21792,17,0,17
8083,17,0,17
4620,17,0,17
28251,0,17,17
31031,1,16,17
31320,1,16,17
20592,0,17,17
24958,1,16,17
4351,1,16,17
304,0,17,17
2047,1,16,17
7054,1,16,17
7429,1,16,17
6035,0,17,17
31157,1,16,17
28106,0,17,17
19649,17,0,17
4213,17,0,17
5867,17,0,17
31564,0,17,17
7865,1,16,17
1816,17,0,17
2522,0,17,17
28124,0,17,17
2079,17,0,17
21206,0,17,17
31650,1,16,17
6356,17,0,17
31140,0,17,17
4266,0,17,17
31796,1,16,17
22028,0,17,17
17083,0,17,17
1775,0,17,17
15042,1,16,17
4489,17,0,17
32123,1,16,17
31053,1,16,17
21938,17,0,17
25188,0,17,17
18797,1,16,17
2585,0,17,17
4325,17,0,17
32126,1,16,17
28564,0,17,17
28921,0,16,16
16117,1,15,16
22736,1,15,16
17130,1,15,16
1942,0,16,16
29192,0,16,16
24483,0,16,16
28599,1,15,16
29870,0,16,16
14582,0,16,16
28333,0,16,16
2566,0,16,16
12207,1,15,16
26790,1,15,16
31101,0,16,16
10963,16,0,16
25693,0,16,16
21440,0,16,16
26159,0,16,16
6586,0,16,16
3388,16,0,16
21433,1,15,16
5490,16,0,16
28876,0,16,16
28627,0,16,16
28435,0,16,16
28859,0,16,16
28862,0,16,16
5223,16,0,16
4490,1,15,16
10730,0,16,16
20174,1,15,16
26602,0,16,16
1212,2,14,16
29142,0,16,16
25463,1,15,16
13146,1,15,16
22437,1,15,16
1057,0,16,16
2433,0,16,16
2998,16,0,16
32106,0,16,16
444,0,16,16
22788,1,15,16
32056,1,15,16
4285,1,15,16
194,0,16,16
31438,1,15,16
4320,16,0,16
8888,0,16,16
7943,16,0,16
31107,1,15,16
29071,0,16,16
28312,0,16,16
31681,0,16,16
5082,16,0,16
21369,0,16,16
12259,1,15,16
170,16,0,16
27910,0,16,16
32118,1,15,16
1236,16,0,16
28841,0,16,16
28889,1,15,16
32063,1,15,16
14000,1,15,16
21897,1,15,16
28832,0,16,16
3659,16,0,16
3686,16,0,16
504,1,15,16
4022,16,0,16
1975,0,16,16
9055,16,0,16
21851,16,0,16
28361,0,16,16
31693,0,16,16
20611,16,0,16
21764,0,16,16
2694,16,0,16
31593,1,14,15
10627,0,15,15
9672,0,15,15
14788,1,14,15
1353,0,15,15
2547,0,15,15
22411,0,15,15
31474,0,15,15
4853,1,14,15
28019,0,15,15
13029,0,15,15
2911,0,15,15
28273,0,15,15
6346,15,0,15
27062,0,15,15
5979,15,0,15
2576,1,14,15
12917,1,14,15
614,1,14,15
18565,1,14,15
14827,1,14,15
17076,0,15,15
28851,0,15,15
15102,1,14,15
4012,15,0,15
26331,0,15,15
18775,1,14,15
3340,0,15,15
2728,0,15,15
30995,1,14,15
11943,0,15,15
6700,15,0,15
9824,1,14,15
31398,1,14,15
3694,0,15,15
17752,1,14,15
28166,0,15,15
31717,0,15,15
28179,0,15,15
28575,0,15,15
31392,1,14,15
18602,1,14,15
18376,0,15,15
3379,0,15,15
30210,15,0,15
28992,0,15,15
25219,1,14,15
18079,0,15,15
21968,0,15,15
3431,0,15,15
4592,1,14,15
7375,15,0,15
1748,0,15,15
3241,15,0,15
1292,0,15,15
6452,15,0,15
6555,15,0,15
6114,15,0,15
10353,1,14,15
31616,1,14,15
17570,1,14,15
28677,0,15,15
30092,0,15,15
3712,15,0,15
31275,0,15,15
4245,1,14,15
4862,15,0,15
28034,0,15,15
6187,15,0,15
6507,15,0,15
31437,0,15,15
23744,1,14,15
32104,1,14,15
3308,0,15,15
14732,1,14,15
32299,1,14,15
31572,0,15,15
20425,0,15,15
3812,0,15,15
4670,0,15,15
2945,0,15,15
31195,1,14,15
28899,0,15,15
14700,0,15,15
10635,0,15,15
3495,15,0,15
32075,1,14,15
15248,1,14,15
29219,0,15,15
712,15,0,15
1694,1,14,15
4167,15,0,15
31531,1,14,15
3730,0,15,15
3869,0,15,15
27998,0,15,15
29208,0,15,15
28438,0,15,15
1252,0,15,15
26542,0,15,15
21303,1,14,15
29186,0,15,15
31269,1,14,15
1635,15,0,15
3037,2,13,15
1362,15,0,15
19279,1,14,15
31293,0,15,15
2413,0,15,15
27927,0,15,15
28511,0,15,15
17489,0,15,15
30966,0,15,15
31653,1,14,15
464,15,0,15
29865,0,15,15
26866,0,15,15
23285,1,14,15
24039,1,14,15
848,15,0,15
24181,1,14,15
17016,1,14,15
4449,1,14,15
3964,0,15,15
17896,0,15,15
2952,15,0,15
16635,0,15,15
21481,0,15,15
2407,2,13,15
30295,0,15,15
17871,0,15,15
578,15,0,15
15704,0,15,15
18846,1,14,15
31732,1,14,15
13508,1,14,15
16027,1,14,15
15002,1,14,15
31001,1,14,15
2255,14,0,14
3804,1,13,14
31493,1,13,14
28730,0,14,14
28496,0,14,14
1363,1,13,14
2331,1,13,14
23650,0,14,14
24626,0,14,14
19133,1,13,14
32287,1,13,14
28309,0,14,14
1291,14,0,14
12689,0,14,14
31763,1,13,14
1994,1,13,14
30981,1,13,14
19506,0,14,14
31750,0,14,14
11639,0,14,14
21018,0,14,14
30960,1,13,14
28144,1,13,14
3636,1,13,14
31442,0,14,14
31427,0,14,14
28483,0,14,14
28805,0,14,14
31697,1,13,14
1883,14,0,14
2537,1,13,14
8094,1,13,14
31025,1,13,14
16927,14,0,14
3827,1,13,14
31509,1,13,14
13182,1,13,14
3798,0,14,14
30984,1,13,14
946,1,13,14
5213,1,13,14
1474,1,13,14
31109,1,13,14
31662,1,13,14
25825,0,14,14
31371,0,14,14
1398,1,13,14
28238,0,14,14
20615,0,14,14
31231,1,13,14
4911,1,13,14
31489,1,13,14
8584,1,13,14
3719,1,13,14
25431,0,14,14
4053,1,13,14
5691,14,0,14
11778,0,14,14
2496,1,13,14
581,1,13,14
20950,0,14,14
13578,0,14,14
27018,0,14,14
5692,0,14,14
25428,0,14,14
28083,0,14,14
15668,0,14,14
25071,0,14,14
1951,1,13,14
28659,0,14,14
1997,1,13,14
9721,14,0,14
31630,1,13,14
28443,1,13,14
3537,1,13,14
31739,1,13,14
3919,1,13,14
4691,0,14,14
31066,0,14,14
28030,0,14,14
30991,0,14,14
31715,1,13,14
3783,1,13,14
7001,2,12,14
4252,1,13,14
27936,0,14,14
2992,1,13,14
920,1,13,14
1193,14,0,14
22222,14,0,14
3450,1,13,14
27959,0,14,14
1141,14,0,14
28610,0,14,14
15646,0,14,14
29249,0,14,14
28747,0,14,14
31583,1,13,14
4264,0,14,14
27975,0,14,14
31668,1,13,14
4113,1,13,14
3565,1,13,14
20104,14,0,14
8519,1,13,14
4682,1,13,14
6049,1,13,14
12916,0,14,14
2618,1,13,14
357,1,13,14
23453,0,14,14
31607,0,14,14
1714,1,13,14
32298,1,13,14
28930,0,14,14
5777,14,0,14
31036,0,14,14
31494,1,13,14
2317,1,13,14
21308,1,13,14
16072,0,14,14
27441,0,14,14
21038,0,14,14
3312,1,13,14
31810,0,14,14
4933,14,0,14
31033,0,14,14
1854,14,0,14
18827,1,13,14
640,14,0,14
1325,14,0,14
17724,0,14,14
28619,0,14,14
29,1,13,14
11145,0,14,14
21111,1,13,14
14762,1,13,14
4396,1,13,14
18248,0,14,14
3920,14,0,14
12534,1,13,14
11511,14,0,14
2207,1,13,14
31759,0,14,14
31168,0,14,14
670,1,13,14
22861,1,13,14
28513,0,14,14
2224,1,13,14
31146,1,13,14
2447,1,13,14
31421,0,14,14
2678,1,13,14
2740,14,0,14
9527,14,0,14
31008,1,13,14
2222,1,13,14
28211,0,14,14
4005,1,13,14
2134,1,13,14
23007,1,13,14
31558,1,13,14
31044,1,13,14
20221,0,14,14
18850,1,13,14
24477,1,13,14
12219,1,13,14
2845,1,13,14
16749,1,13,14
21780,0,14,14
6120,14,0,14
1533,1,13,14
14289,0,14,14
16276,0,14,14
1159,14,0,14
32095,1,13,14
4035,1,13,14
11355,1,13,14
3836,1,13,14
3056,12,2,14
487,1,13,14
21846,0,14,14
31073,0,14,14
21843,0,14,14
2517,14,0,14
31099,1,13,14
1705,1,13,14
4335,1,13,14
28262,0,14,14
1928,1,13,14
28495,0,14,14
19158,1,13,14
3002,1,13,14
1545,14,0,14
13531,0,14,14
5044,2,12,14
29464,0,14,14
31208,0,14,14
31294,1,13,14
24723,0,14,14
1855,14,0,14
28611,0,14,14
13421,1,13,14
31129,0,14,14
28494,0,14,14
28640,0,14,14
31354,1,13,14
5071,1,13,14
2856,1,13,14
28710,0,14,14
9696,0,14,14
21980,1,13,14
1911,1,13,14
4931,1,13,14
31249,1,13,14
6169,0,14,14
13273,0,14,14
963,14,0,14
5266,0,14,14
28071,0,14,14
9995,0,14,14
2476,14,0,14
26894,0,14,14
3643,14,0,14
3074,1,13,14
4403,1,13,14
28595,0,14,14
3988,1,13,14
1113,0,14,14
31291,0,14,14
19161,1,13,14
3738,14,0,14
297,0,14,14
3941,1,13,14
1864,14,0,14
19038,1,13,14
2240,14,0,14
3410,1,13,14
31721,0,14,14
23089,0,14,14
2546,1,13,14
1348,14,0,14
12866,0,13,13
29194,0,13,13
2779,13,0,13
19134,1,12,13
19138,13,0,13
29097,0,13,13
26879,0,13,13
31065,0,13,13
31047,0,13,13
24776,0,13,13
29163,0,13,13
6110,0,13,13
31017,1,12,13
5011,1,12,13
1585,13,0,13
3928,0,13,13
25295,0,13,13
11485,0,13,13
28570,0,13,13
1466,13,0,13
31761,0,13,13
31490,0,13,13
28066,0,13,13
4495,0,13,13
2674,13,0,13
6917,13,0,13
29001,0,13,13
31709,13,0,13
11326,0,13,13
2202,13,0,13
21375,0,13,13
31336,0,13,13
28574,0,13,13
1784,13,0,13
15713,1,12,13
6396,13,0,13
1674,1,12,13
7415,13,0,13
7017,0,13,13
7349,1,12,13
23641,0,13,13
31205,0,13,13
29749,0,13,13
31225,0,13,13
14414,1,12,13
21049,1,12,13
13411,0,13,13
26564,1,12,13
29381,0,13,13
16702,1,12,13
6378,13,0,13
20367,0,13,13
21879,0,13,13
29109,0,13,13
31115,1,12,13
21872,0,13,13
21056,0,13,13
25709,0,13,13
28061,0,13,13
24613,1,12,13
31731,1,12,13
18273,1,12,13
28702,0,13,13
22036,0,13,13
29178,0,13,13
28169,0,13,13
15252,13,0,13
3164,1,12,13
31443,0,13,13
31020,0,13,13
1446,13,0,13
447,0,13,13
28216,0,13,13
7887,1,12,13
2890,13,0,13
17031,0,13,13
30956,1,12,13
284,0,13,13
31487,0,13,13
1946,1,12,13
31304,0,13,13
21748,0,13,13
31704,1,12,13
8193,13,0,13
28096,0,13,13
32139,1,12,13
20479,0,13,13
31577,1,12,13
22101,0,13,13
30958,0,13,13
27990,0,13,13
32294,1,12,13
28155,0,13,13
20283,0,13,13
5214,1,12,13
2545,13,0,13
31277,1,12,13
31230,1,12,13
888,13,0,13
4776,0,13,13
4879,0,13,13
22072,0,13,13
29265,0,13,13
29040,0,13,13
25403,0,13,13
1030,0,13,13
11350,1,12,13
29486,0,13,13
5312,13,0,13
19604,0,13,13
25471,0,13,13
10060,0,13,13
29042,0,13,13
492,0,13,13
31853,0,13,13
4409,0,13,13
28807,0,13,13
31012,0,13,13
6734,1,12,13
29147,0,13,13
5938,0,13,13
2961,0,13,13
27360,0,13,13
17043,1,12,13
27950,0,13,13
8589,0,13,13
31234,0,13,13
29087,0,13,13
17532,0,13,13
31240,0,13,13
31338,0,13,13
15131,1,12,13
27925,0,13,13
29022,0,13,13
30974,1,12,13
31387,1,12,13
28576,0,13,13
29317,0,13,13
29215,0,13,13
7351,1,12,13
31218,1,12,13
18363,1,12,13
29366,0,13,13
10360,13,0,13
28531,0,13,13
4422,13,0,13
8016,13,0,13
28895,0,13,13
28286,0,13,13
5509,2,11,13
19874,0,13,13
723,0,13,13
31305,1,12,13
27864,0,13,13
5627,1,12,13
32090,0,13,13
31092,1,12,13
31160,1,12,13
31670,1,12,13
19303,1,12,13
31642,1,12,13
12433,0,13,13
31223,1,12,13
19783,0,13,13
12022,0,13,13
7339,13,0,13
26670,0,13,13
24671,0,13,13
32081,1,12,13
31265,0,13,13
16183,0,13,13
30131,0,13,13
28783,0,13,13
31728,0,13,13
28726,0,13,13
20654,0,13,13
3203,1,12,13
29670,1,12,13
796,0,13,13
14806,0,13,13
28393,0,13,13
3957,13,0,13
1724,0,13,13
28777,0,13,13
29567,0,13,13
1231,13,0,13
24981,0,13,13
20151,13,0,13
4698,0,13,13
31469,0,13,13
20018,0,13,13
13594,1,12,13
29067,0,13,13
21855,1,12,13
15992,0,13,13
3101,0,13,13
8536,0,13,13
27852,1,12,13
28357,0,13,13
28651,0,13,13
31085,0,13,13
5648,13,0,13
31237,1,12,13
3849,1,12,13
24378,1,12,13
17249,0,13,13
22329,13,0,13
16474,1,12,13
21441,0,13,13
7996,13,0,13
21915,1,12,13
12161,1,12,13
4789,0,13,13
25998,0,13,13
28665,0,13,13
10744,7,6,13
22467,0,13,13
28842,0,13,13
4718,13,0,13
31028,1,12,13
13074,0,13,13
20659,0,13,13
28533,0,13,13
18308,4,9,13
3089,13,0,13
23601,0,13,13
3193,0,13,13
20755,0,13,13
27969,0,13,13
29331,0,13,13
750,13,0,13
15898,0,13,13
29401,0,13,13
31251,1,12,13
31357,0,13,13
6361,12,0,12
26774,0,12,12
6902,0,12,12
4338,12,0,12
31799,0,12,12
9695,0,12,12
31358,1,11,12
28398,0,12,12
18019,0,12,12
19020,1,11,12
27945,0,12,12
24508,0,12,12
24868,0,12,12
6821,0,12,12
28920,0,12,12
31605,1,11,12
28201,0,12,12
11181,1,11,12
31475,0,12,12
31769,1,11,12
31698,1,11,12
12786,0,12,12
7105,0,12,12
25705,1,11,12
21299,0,12,12
25074,0,12,12
30425,1,11,12
18,12,0,12
28812,0,12,12
28688,0,12,12
29078,0,12,12
31597,0,12,12
31058,1,11,12
12436,0,12,12
29361,0,12,12
28846,0,12,12
26890,0,12,12
12056,0,12,12
23898,1,11,12
31220,0,12,12
6064,0,12,12
29716,0,12,12
19056,0,12,12
32149,1,11,12
3555,12,0,12
31353,0,12,12
21121,0,12,12
31002,0,12,12
32092,0,12,12
28463,0,12,12
3502,0,12,12
21341,1,11,12
18672,0,12,12
1634,0,12,12
23441,1,11,12
28943,0,12,12
1178,12,0,12
15854,0,12,12
7497,12,0,12
2913,0,12,12
24842,0,12,12
28281,0,12,12
24864,1,11,12
17823,0,12,12
3019,0,12,12
5616,12,0,12
31478,0,12,12
28916,0,12,12
4540,0,12,12
28796,0,12,12
27965,0,12,12
480,1,11,12
7635,12,0,12
17695,1,11,12
29878,0,12,12
1630,0,12,12
18237,0,12,12
957,1,11,12
1085,12,0,12
31920,0,12,12
28307,0,12,12
31775,1,11,12
28048,0,12,12
1170,2,10,12
27855,1,11,12
23480,0,12,12
31596,1,11,12
28973,0,12,12
28935,0,12,12
31525,0,12,12
29839,0,12,12
14805,1,11,12
31713,0,12,12
11829,12,0,12
8046,12,0,12
28497,0,12,12
23352,1,11,12
28753,0,12,12
27709,0,12,12
833,12,0,12
1423,12,0,12
30964,1,11,12
28331,0,12,12
31297,1,11,12
20022,0,12,12
31289,0,12,12
22347,1,11,12
32283,1,11,12
31807,0,12,12
10059,1,11,12
24622,0,12,12
17212,1,11,12
28324,0,12,12
1840,12,0,12
28175,0,12,12
28687,0,12,12
29020,0,12,12
27317,1,11,12
18756,1,11,12
6139,12,0,12
31441,0,12,12
2296,1,11,12
1686,12,0,12
27899,1,11,12
16314,0,12,12
4212,12,0,12
7515,12,0,12
27970,0,12,12
19212,0,12,12
31579,1,11,12
9831,12,0,12
2161,12,0,12
24343,1,11,12
29000,0,12,12
21468,0,12,12
31106,0,12,12
31325,1,11,12
31660,1,11,12
26611,0,12,12
28897,0,12,12
27935,0,12,12
31078,0,12,12
31778,1,11,12
263,0,12,12
4060,12,0,12
29519,0,12,12
5874,12,0,12
3896,0,12,12
18509,1,11,12
4253,1,11,12
29014,0,12,12
11302,0,12,12
29259,0,12,12
8451,0,12,12
17302,0,12,12
31722,0,12,12
29145,0,12,12
31618,0,12,12
31133,1,11,12
28663,0,12,12
29354,0,12,12
29850,0,12,12
31454,0,12,12
28539,0,12,12
28937,1,11,12
17075,1,11,12
32137,1,11,12
28909,0,12,12
17670,0,12,12
24239,0,12,12
31544,1,11,12
6572,12,0,12
29868,0,12,12
3320,1,11,12
21739,0,12,12
11878,1,11,12
21004,0,12,12
17439,1,11,12
8480,0,12,12
31222,0,12,12
4307,0,12,12
1031,12,0,12
5532,0,12,12
736,12,0,12
30900,1,11,12
6203,0,12,12
31567,1,11,12
31068,1,11,12
27963,0,12,12
12249,1,11,12
32176,1,11,12
12133,0,12,12
28207,0,12,12
28135,0,12,12
5025,12,0,12
5772,0,12,12
25838,1,11,12
28865,0,12,12
31117,1,11,12
28594,0,12,12
32157,1,11,12
8021,1,11,12
28469,0,12,12
6057,1,11,12
32279,1,11,12
30713,1,11,12
31459,1,11,12
32180,1,11,12
31665,0,12,12
31714,0,12,12
29376,0,12,12
31532,1,11,12
31378,0,12,12
2658,0,12,12
29362,0,12,12
31434,1,11,12
29424,0,12,12
821,0,12,12
31684,0,12,12
31087,0,12,12
20406,0,12,12
29025,0,12,12
32172,1,11,12
29206,0,12,12
8221,1,11,12
26750,0,12,12
31834,0,12,12
3112,1,11,12
28078,0,12,12
24488,1,11,12
7448,12,0,12
31499,1,11,12
31823,0,12,12
4765,12,0,12
23623,0,12,12
12889,1,11,12
2636,12,0,12
31375,0,12,12
20293,1,11,12
1116,12,0,12
28263,1,11,12
3179,0,12,12
19175,1,11,12
1698,1,11,12
3808,0,12,12
28314,0,12,12
4411,0,12,12
17728,0,12,12
13067,0,12,12
6722,12,0,12
31042,0,12,12
28471,0,12,12
27956,0,12,12
4834,12,0,12
28382,0,12,12
26867,0,12,12
20561,0,12,12
22433,12,0,12
28228,0,12,12
31486,0,12,12
28153,0,12,12
28184,0,12,12
11921,1,11,12
30986,1,11,12
31701,0,12,12
31613,1,11,12
16042,0,12,12
31785,1,11,12
656,1,11,12
21813,0,12,12
25638,1,11,12
28419,0,12,12
28904,0,12,12
28784,0,12,12
31409,0,12,12
2761,12,0,12
11725,0,12,12
31527,1,11,12
31645,0,12,12
31173,0,12,12
16322,0,12,12
31696,0,12,12
31308,0,12,12
18448,1,11,12
18463,1,11,12
2776,12,0,12
22440,0,12,12
14381,12,0,12
19571,0,12,12
11834,0,12,12
28845,0,12,12
31515,1,11,12
9294,12,0,12
31473,0,12,12
15028,0,12,12
28657,0,12,12
29267,0,12,12
17153,0,11,11
29596,0,11,11
24900,0,11,11
24042,0,11,11
18931,1,10,11
28087,0,11,11
29339,0,11,11
28585,0,11,11
21815,0,11,11
11389,1,10,11
4773,0,11,11
30366,1,10,11
23846,0,11,11
32154,1,10,11
14594,1,10,11
28353,0,11,11
27185,0,11,11
27941,0,11,11
5432,1,10,11
27734,0,11,11
12390,0,11,11
29061,0,11,11
13066,0,11,11
25905,0,11,11
31546,0,11,11
19547,0,11,11
14632,0,11,11
19816,0,11,11
28803,0,11,11
5311,1,10,11
2704,0,11,11
14032,0,11,11
29148,0,11,11
30509,0,11,11
29211,0,11,11
29134,0,11,11
4173,0,11,11
3679,1,10,11
21494,0,11,11
31395,1,10,11
28849,0,11,11
4963,0,11,11
17062,0,11,11
28699,0,11,11
10308,0,11,11
32071,0,11,11
28473,0,11,11
25920,0,11,11
28257,0,11,11
29167,0,11,11
29417,0,11,11
31886,1,10,11
29851,0,11,11
20489,0,11,11
20258,0,11,11
3020,1,10,11
4260,0,11,11
31688,0,11,11
31127,0,11,11
27273,0,11,11
5269,10,1,11
7892,1,10,11
3072,0,11,11
28718,0,11,11
24589,0,11,11
29569,0,11,11
31196,1,10,11
9717,0,11,11
20159,11,0,11
23949,0,11,11
29200,0,11,11
6133,11,0,11
28082,0,11,11
28864,0,11,11
32080,1,10,11
10539,0,11,11
28960,0,11,11
32163,1,10,11
26474,0,11,11
23815,0,11,11
17304,1,10,11
32055,0,11,11
12075,0,11,11
11391,1,10,11
29253,0,11,11
25532,0,11,11
13367,0,11,11
9715,0,11,11
24880,0,11,11
31097,0,11,11
29479,0,11,11
31450,0,11,11
26646,0,11,11
13245,0,11,11
10626,0,11,11
17887,0,11,11
3293,1,10,11
3592,0,11,11
26692,0,11,11
28951,0,11,11
4318,1,10,11
31260,1,10,11
23724,0,11,11
31899,0,11,11
7769,11,0,11
28988,0,11,11
31143,0,11,11
10430,0,11,11
29052,1,10,11
1825,0,11,11
23765,0,11,11
29269,0,11,11
29866,0,11,11
28685,0,11,11
2633,0,11,11
28552,0,11,11
4508,11,0,11
30290,0,11,11
23934,0,11,11
21590,0,11,11
31464,1,10,11
26689,0,11,11
29871,0,11,11
31643,1,10,11
23749,0,11,11
13185,0,11,11
29157,0,11,11
8567,1,10,11
28689,0,11,11
28275,0,11,11
3513,0,11,11
24717,0,11,11
29390,0,11,11
11659,0,11,11
29103,0,11,11
28758,0,11,11
28289,0,11,11
6558,0,11,11
1617,2,9,11
16044,0,11,11
2834,11,0,11
23303,1,10,11
3389,0,11,11
8148,11,0,11
28157,0,11,11
19579,0,11,11
31174,0,11,11
22517,1,10,11
21380,0,11,11
14603,1,10,11
32276,11,0,11
29338,1,10,11
8082,1,10,11
29064,0,11,11
5545,0,11,11
21202,1,10,11
32133,0,11,11
21061,0,11,11
31847,1,10,11
27900,0,11,11
28347,0,11,11
2835,0,11,11
29054,0,11,11
24649,0,11,11
21213,0,11,11
32281,11,0,11
2226,11,0,11
29243,0,11,11
28449,0,11,11
10348,0,11,11
24169,0,11,11
28901,0,11,11
4573,2,9,11
28010,0,11,11
28966,0,11,11
101,11,0,11
21165,0,11,11
26339,0,11,11
31655,1,10,11
27260,0,11,11
11157,11,0,11
28338,0,11,11
4130,0,11,11
10510,0,11,11
29118,0,11,11
28167,0,11,11
32068,1,10,11
21923,0,11,11
31870,0,11,11
1725,0,11,11
28755,0,11,11
19100,1,10,11
31612,1,10,11
6360,0,11,11
6979,1,10,11
1280,1,10,11
5403,11,0,11
31062,1,10,11
28391,0,11,11
19756,0,11,11
21467,0,11,11
31685,0,11,11
25869,1,10,11
28280,0,11,11
2910,0,11,11
28429,0,11,11
25470,0,11,11
28152,0,11,11
31181,0,11,11
4676,0,11,11
14396,0,11,11
15044,1,10,11
1548,0,11,11
29196,0,11,11
29125,0,11,11
28264,0,11,11
31555,0,11,11
28769,0,11,11
28766,0,11,11
23627,0,11,11
1586,0,11,11
29449,0,11,11
31060,0,11,11
19605,0,11,11
12971,1,10,11
17009,0,11,11
32171,1,10,11
4685,11,0,11
11374,1,10,11
28725,0,11,11
29244,0,11,11
20989,0,11,11
28308,0,11,11
23893,0,11,11
6471,1,10,11
31658,0,11,11
11282,0,11,11
8443,0,11,11
24324,0,11,11
27862,0,11,11
18276,0,11,11
21812,0,11,11
31476,0,11,11
22047,0,11,11
4763,0,11,11
24472,0,11,11
28722,0,11,11
4736,11,0,11
2256,0,11,11
21457,1,10,11
29107,0,11,11
18506,1,10,11
12058,0,11,11
16795,0,11,11
25613,0,11,11
5431,11,0,11
4219,11,0,11
26820,0,11,11
30327,0,11,11
5511,11,0,11
28802,0,11,11
8347,11,0,11
1967,0,11,11
17928,0,11,11
31574,0,11,11
5164,1,10,11
29404,0,11,11
23457,0,11,11
5186,11,0,11
31268,0,11,11
28051,0,11,11
29560,0,11,11
31314,1,10,11
29038,0,11,11
5168,0,11,11
31689,0,11,11
21599,0,11,11
25175,0,11,11
16786,1,10,11
30959,0,11,11
13586,0,11,11
32086,1,10,11
4870,0,11,11
28656,0,11,11
2305,0,11,11
2733,0,11,11
28572,0,11,11
28962,0,11,11
10763,0,11,11
13236,0,11,11
28339,0,11,11
24221,0,11,11
28954,0,11,11
31429,0,11,11
31122,1,10,11
29137,0,11,11
24072,1,10,11
29423,0,11,11
31637,0,11,11
2620,0,11,11
27555,0,11,11
28750,0,11,11
7402,11,0,11
19442,0,11,11
24579,0,11,11
31410,0,11,11
19894,0,11,11
15784,11,0,11
6623,11,0,11
3600,11,0,11
32161,1,10,11
11658,0,11,11
29028,0,11,11
31512,0,11,11
28203,0,11,11
4228,11,0,11
18093,0,11,11
28673,0,11,11
31056,0,11,11
31048,1,10,11
27425,0,11,11
16343,0,11,11
15714,0,11,11
2250,11,0,11
9697,0,11,11
32162,1,10,11
31844,1,10,11
27314,0,11,11
18317,1,10,11
31815,1,10,11
30148,0,11,11
19254,0,11,11
2668,11,0,11
16059,1,10,11
6164,0,11,11
9653,11,0,11
28729,0,11,11
22744,1,10,11
4298,1,10,11
28092,0,11,11
1088,0,11,11
27164,0,11,11
28386,0,11,11
11349,0,11,11
19865,0,11,11
13093,0,11,11
19608,0,11,11
3,0,11,11
32059,1,10,11
23563,0,11,11
10570,11,0,11
29356,0,11,11
12776,0,11,11
24829,0,11,11
22403,11,0,11
32107,0,11,11
11477,1,10,11
31692,0,11,11
28389,0,11,11
29862,0,11,11
29460,0,11,11
29228,0,11,11
28455,0,11,11
12587,0,11,11
32301,1,10,11
10289,0,11,11
4066,11,0,11
18288,1,10,11
26350,0,11,11
12362,0,11,11
28493,0,11,11
29007,0,11,11
31096,1,10,11
31149,0,11,11
28154,0,11,11
4303,1,10,11
30419,1,10,11
28537,0,11,11
21646,1,10,11
27560,0,10,10
30710,1,9,10
31484,1,9,10
14265,0,10,10
6409,10,0,10
20256,0,10,10
1844,1,9,10
10042,0,10,10
31859,1,9,10
29514,0,10,10
28456,0,10,10
3796,0,10,10
25922,1,9,10
2427,0,10,10
31433,0,10,10
28243,0,10,10
10188,10,0,10
1249,1,9,10
10258,10,0,10
11651,10,0,10
12838,0,10,10
25706,0,10,10
31131,1,9,10
125,10,0,10
27897,0,10,10
21342,0,10,10
30634,1,9,10
24145,0,10,10
8549,1,9,10
701,1,9,10
29184,0,10,10
17566,0,10,10
21617,0,10,10
31538,1,9,10
23538,0,10,10
25139,0,10,10
17189,0,10,10
21761,0,10,10
10522,0,10,10
22702,1,9,10
19602,0,10,10
22032,10,0,10
2409,0,10,10
24523,0,10,10
29496,0,10,10
22742,10,0,10
9934,10,0,10
21125,0,10,10
26379,1,9,10
14415,0,10,10
29238,0,10,10
28705,0,10,10
18178,1,9,10
1731,0,10,10
31833,1,9,10
28573,0,10,10
23820,0,10,10
17085,0,10,10
17376,0,10,10
10879,10,0,10
29422,1,9,10
9333,10,0,10
2770,0,10,10
25959,0,10,10
32302,1,9,10
29435,0,10,10
31177,0,10,10
655,10,0,10
24796,0,10,10
910,0,10,10
16772,0,10,10
30685,1,9,10
20878,0,10,10
25704,0,10,10
29160,0,10,10
26308,1,9,10
29585,0,10,10
8988,0,10,10
21473,0,10,10
31318,1,9,10
31436,1,9,10
28139,0,10,10
20525,0,10,10
31812,0,10,10
22141,0,10,10
29374,0,10,10
5245,1,9,10
31813,0,10,10
10211,0,10,10
983,10,0,10
31691,0,10,10
8418,0,10,10
23872,1,9,10
12797,0,10,10
20584,1,9,10
335,0,10,10
12615,1,9,10
26425,0,10,10
4056,10,0,10
27545,0,10,10
31282,1,9,10
1183,1,9,10
29556,0,10,10
29478,0,10,10
12596,10,0,10
4848,10,0,10
32170,1,9,10
4363,10,0,10
28115,0,10,10
31243,0,10,10
28481,0,10,10
29106,0,10,10
11614,10,0,10
20817,0,10,10
27305,0,10,10
28931,0,10,10
30185,0,10,10
28454,0,10,10
12438,10,0,10
12819,0,10,10
5365,0,10,10
11687,0,10,10
14291,0,10,10
27879,0,10,10
932,1,9,10
25464,0,10,10
6563,10,0,10
17679,0,10,10
27276,0,10,10
126,0,10,10
29418,0,10,10
25287,0,10,10
31846,1,9,10
10688,0,10,10
12374,1,9,10
3987,10,0,10
6413,10,0,10
2766,1,9,10
3914,10,0,10
31622,1,9,10
28536,0,10,10
9890,10,0,10
25500,0,10,10
30575,10,0,10
4701,0,10,10
25145,1,9,10
27894,1,9,10
8312,1,9,10
2265,0,10,10
23027,0,10,10
413,10,0,10
11771,1,9,10
594,10,0,10
18632,0,10,10
29111,0,10,10
28364,0,10,10
32212,1,9,10
25962,0,10,10
3180,10,0,10
5622,0,10,10
31292,0,10,10
28616,0,10,10
27718,0,10,10
23542,0,10,10
2000,2,8,10
25095,0,10,10
28563,0,10,10
31302,0,10,10
6304,0,10,10
28062,0,10,10
9864,0,10,10
29513,0,10,10
28404,0,10,10
2428,10,0,10
31676,0,10,10
31332,0,10,10
20302,1,9,10
12907,1,9,10
1690,1,9,10
1332,0,10,10
13315,0,10,10
8054,0,10,10
31513,1,9,10
19131,1,9,10
4903,0,10,10
23500,10,0,10
29351,0,10,10
31829,0,10,10
11076,0,10,10
9637,0,10,10
5994,0,10,10
29526,0,10,10
29702,0,10,10
25248,0,10,10
1380,10,0,10
26749,1,9,10
28288,0,10,10
2697,0,10,10
1191,10,0,10
20876,0,10,10
21657,0,10,10
30975,0,10,10
11613,0,10,10
29333,0,10,10
2459,10,0,10
62,10,0,10
29076,0,10,10
32168,1,9,10
22941,10,0,10
4200,2,8,10
28700,0,10,10
19164,1,9,10
10799,0,10,10
15781,1,9,10
6685,0,10,10
31903,0,10,10
32136,1,9,10
32278,10,0,10
28235,0,10,10
4901,0,10,10
31805,1,9,10
7288,0,10,10
3672,1,9,10
3316,10,0,10
31540,1,9,10
360,10,0,10
23844,0,10,10
14483,0,10,10
13128,0,10,10
28603,0,10,10
960,0,10,10
25885,0,10,10
4384,0,10,10
31111,0,10,10
9797,0,10,10
29408,0,10,10
21966,0,10,10
4278,1,9,10
24213,0,10,10
29857,0,10,10
3884,10,0,10
486,10,0,10
3377,10,0,10
29172,0,10,10
31310,1,9,10
28233,0,10,10
28427,0,10,10
24768,0,10,10
1904,10,0,10
11964,0,10,10
23298,0,10,10
31825,0,10,10
29572,0,10,10
31306,1,9,10
29080,0,10,10
23479,0,10,10
25635,0,10,10
24251,0,10,10
1544,1,9,10
25696,0,10,10
31389,0,10,10
4164,10,0,10
29607,0,10,10
8365,0,10,10
1837,10,0,10
1022,10,0,10
29406,0,10,10
31401,1,9,10
26203,0,10,10
29132,0,10,10
6294,0,10,10
19443,0,10,10
23699,0,10,10
31167,0,10,10
15969,1,9,10
29255,0,10,10
31416,1,9,10
29119,0,10,10
29664,0,10,10
641,0,10,10
31819,0,10,10
9683,10,0,10
5220,10,0,10
29426,0,10,10
29124,1,9,10
29499,0,10,10
26986,1,9,10
14565,0,10,10
13049,0,10,10
31517,0,10,10
4051,10,0,10
31865,10,0,10
29469,0,10,10
31214,1,9,10
23481,0,10,10
16817,0,10,10
28795,0,10,10
28644,0,10,10
31800,0,10,10
16970,0,10,10
31411,0,10,10
31657,0,10,10
22424,0,10,10
22842,0,10,10
29019,0,10,10
2559,10,0,10
2601,1,9,10
28133,0,10,10
18005,0,10,10
16738,0,10,10
32285,10,0,10
15205,0,10,10
20296,0,10,10
31374,0,10,10
23287,1,9,10
1265,0,10,10
1932,0,10,10
19412,10,0,10
11560,0,10,10
4461,1,9,10
4413,0,10,10
22140,0,10,10
7814,10,0,10
21472,0,10,10
29546,0,10,10
28754,0,10,10
28407,0,10,10
31027,1,9,10
24986,0,10,10
18050,1,9,10
28440,0,10,10
2904,0,10,10
2893,10,0,10
29416,0,10,10
32098,0,10,10
23537,0,10,10
28956,0,10,10
28745,0,10,10
27995,0,10,10
32143,1,9,10
28997,0,10,10
29874,0,10,10
20513,0,10,10
29877,0,10,10
21463,10,0,10
20448,0,10,10
29335,0,10,10
4585,10,0,10
31548,0,10,10
18829,1,9,10
9563,10,0,10
26553,0,10,10
29352,0,10,10
45,10,0,10
32078,1,9,10
31634,1,9,10
29179,0,10,10
17155,1,9,10
6075,10,0,10
11612,0,10,10
31840,1,9,10
29173,0,10,10
28362,0,10,10
3806,1,9,10
28927,1,9,10
31018,1,9,10
28073,0,10,10
24814,0,10,10
31007,1,9,10
31661,1,9,10
11407,0,10,10
27943,0,10,10
28355,0,10,10
31767,0,9,9
9658,0,9,9
8651,0,9,9
12145,0,9,9
27829,9,0,9
10569,0,9,9
14331,0,9,9
28004,0,9,9
5820,0,9,9
29384,0,9,9
28554,0,9,9
29837,0,9,9
31937,0,9,9
28691,0,9,9
26332,0,9,9
3687,1,8,9
31360,0,9,9
12991,0,9,9
4815,0,9,9
27961,0,9,9
21976,0,9,9
25523,0,9,9
31791,0,9,9
31795,0,9,9
28271,0,9,9
10833,9,0,9
27947,0,9,9
2651,0,9,9
31423,1,8,9
27924,0,9,9
16006,0,9,9
31266,0,9,9
20637,0,9,9
1786,9,0,9
32097,1,8,9
4193,0,9,9
29283,0,9,9
4119,0,9,9
6205,0,9,9
12828,0,9,9
3006,9,0,9
5418,1,8,9
31337,1,8,9
5058,2,7,9
24047,0,9,9
27681,0,9,9
3354,0,9,9
8019,9,0,9
31158,0,9,9
2589,9,0,9
21476,0,9,9
4778,0,9,9
1056,9,0,9
7458,9,0,9
15305,1,8,9
8510,9,0,9
17691,0,9,9
3051,9,0,9
29195,0,9,9
8836,9,0,9
2136,9,0,9
28918,0,9,9
20536,0,9,9
27127,0,9,9
14738,9,0,9
31541,0,9,9
27081,0,9,9
1888,0,9,9
31797,1,8,9
4702,9,0,9
24406,0,9,9
28559,0,9,9
28882,0,9,9
30908,0,9,9
8877,9,0,9
24423,0,9,9
11305,0,9,9
26873,0,9,9
22750,9,0,9
29130,0,9,9
15766,0,9,9
28319,0,9,9
27983,0,9,9
19137,0,9,9
31273,0,9,9
29367,0,9,9
31045,0,9,9
25344,0,9,9
10823,0,9,9
12953,0,9,9
29182,0,9,9
4753,9,0,9
28070,0,9,9
29568,0,9,9
31624,0,9,9
8463,9,0,9
28628,0,9,9
27400,0,9,9
29058,0,9,9
29439,0,9,9
31236,9,0,9
8442,9,0,9
19953,1,8,9
12019,0,9,9
28186,0,9,9
1206,9,0,9
3398,9,0,9
31720,0,9,9
2099,1,8,9
3774,2,7,9
12607,1,8,9
28484,0,9,9
27416,0,9,9
12417,0,9,9
23533,0,9,9
20189,1,8,9
12197,0,9,9
29385,0,9,9
28345,0,9,9
4308,0,9,9
1926,0,9,9
21774,0,9,9
31718,0,9,9
7471,9,0,9
5087,9,0,9
21335,0,9,9
26828,0,9,9
27895,0,9,9
29442,0,9,9
25030,0,9,9
31317,1,8,9
16464,0,9,9
24011,0,9,9
6127,0,9,9
3065,0,9,9
5928,9,0,9
7954,9,0,9
1821,9,0,9
28742,0,9,9
31365,0,9,9
19114,1,8,9
20905,0,9,9
47,9,0,9
31285,0,9,9
22121,0,9,9
13297,0,9,9
1998,9,0,9
31970,0,9,9
10189,0,9,9
30978,1,8,9
32196,1,8,9
29355,0,9,9
24960,1,8,9
29419,0,9,9
3991,9,0,9
22128,0,9,9
3593,0,9,9
28792,0,9,9
4000,9,0,9
17935,0,9,9
31108,0,9,9
28922,0,9,9
29198,0,9,9
29524,0,9,9
2151,0,9,9
29152,0,9,9
24938,0,9,9
29063,0,9,9
31838,0,9,9
28515,0,9,9
4454,0,9,9
29884,0,9,9
1409,9,0,9
2676,0,9,9
18225,1,8,9
28085,0,9,9
13843,9,0,9
1007,0,9,9
29188,0,9,9
17801,0,9,9
2349,0,9,9
31446,0,9,9
31330,0,9,9
31568,0,9,9
16812,1,8,9
23851,0,9,9
28132,0,9,9
23560,9,0,9
5301,0,9,9
31046,0,9,9
23294,1,8,9
17779,0,9,9
10179,9,0,9
31377,1,8,9
2120,9,0,9
28356,0,9,9
11963,0,9,9
20091,0,9,9
12297,0,9,9
27373,1,8,9
7150,0,9,9
29117,0,9,9
31651,0,9,9
31606,1,8,9
31550,1,8,9
29882,0,9,9
25303,0,9,9
28911,0,9,9
31817,1,8,9
32064,1,8,9
8032,9,0,9
5371,0,9,9
28506,0,9,9
1614,1,8,9
24758,0,9,9
29378,0,9,9
31753,0,9,9
28218,0,9,9
31485,0,9,9
1530,0,9,9
29471,0,9,9
14217,0,9,9
6113,0,9,9
10684,0,9,9
31919,1,8,9
3009,0,9,9
6092,0,9,9
31316,0,9,9
8360,9,0,9
22404,9,0,9
29096,0,9,9
31562,0,9,9
24520,0,9,9
8675,9,0,9
28676,1,8,9
1261,0,9,9
9702,9,0,9
29636,0,9,9
4693,9,0,9
28081,0,9,9
28668,0,9,9
4632,9,0,9
11777,9,0,9
869,9,0,9
27135,0,9,9
26930,0,9,9
29308,0,9,9
24738,0,9,9
3933,9,0,9
31828,0,9,9
29386,0,9,9
29057,0,9,9
5604,9,0,9
21224,0,9,9
719,0,9,9
7277,9,0,9
11972,0,9,9
31557,0,9,9
17464,0,9,9
8372,9,0,9
27146,0,9,9
29450,0,9,9
10711,0,9,9
24209,0,9,9
31039,0,9,9
28821,0,9,9
8713,9,0,9
19939,0,9,9
17994,0,9,9
31161,1,8,9
31638,0,9,9
4551,0,9,9
28381,0,9,9
770,9,0,9
3201,2,7,9
31545,0,9,9
28430,0,9,9
28500,0,9,9
26826,0,9,9
14918,0,9,9
29350,0,9,9
28815,0,9,9
3790,9,0,9
20979,0,9,9
20758,0,9,9
25700,0,9,9
31808,0,9,9
21226,0,9,9
31755,0,9,9
31155,1,8,9
17661,0,9,9
21614,0,9,9
27869,0,9,9
28567,0,9,9
1785,0,9,9
30967,0,9,9
2430,9,0,9
13360,0,9,9
24163,0,9,9
14151,0,9,9
5853,0,9,9
2038,2,7,9
31842,1,8,9
24591,0,9,9
28026,0,9,9
29536,0,9,9
27526,0,9,9
22177,1,8,9
12135,0,9,9
28163,0,9,9
25075,0,9,9
23599,0,9,9
28928,0,9,9
31552,0,9,9
22290,0,9,9
31635,1,8,9
32282,1,8,9
9302,9,0,9
8672,9,0,9
8848,9,0,9
30927,0,9,9
23811,0,9,9
31786,1,8,9
29081,0,9,9
20423,0,9,9
11204,0,9,9
23510,0,9,9
11949,9,0,9
29654,0,9,9
29397,0,9,9
21684,0,9,9
14033,0,9,9
28982,0,9,9
25529,0,9,9
28583,0,9,9
28634,0,9,9
31735,9,0,9
29359,0,9,9
31334,0,9,9
13167,0,9,9
29363,0,9,9
13155,0,9,9
25275,0,9,9
28232,0,9,9
6255,0,9,9
27866,0,9,9
28538,0,9,9
22370,0,9,9
12789,0,9,9
31737,1,8,9
31827,1,8,9
3084,9,0,9
2494,2,7,9
11216,0,9,9
23402,0,9,9
29260,0,9,9
28521,0,9,9
23709,0,9,9
6820,0,9,9
28371,0,9,9
14047,9,0,9
8068,9,0,9
16476,0,9,9
32295,9,0,9
18889,0,9,9
28185,0,9,9
14075,9,0,9
783,9,0,9
18897,1,8,9
10946,0,9,9
31335,0,9,9
28985,0,9,9
31384,0,9,9
8329,0,9,9
15310,0,8,8
5115,8,0,8
31924,0,8,8
31912,1,7,8
28330,0,8,8
28739,0,8,8
28776,0,8,8
31413,8,0,8
2877,8,0,8
5851,0,8,8
31479,0,8,8
31468,0,8,8
25510,0,8,8
13417,0,8,8
21591,0,8,8
29586,0,8,8
2385,8,0,8
8316,1,7,8
31794,0,8,8
31394,0,8,8
2507,8,0,8
944,8,0,8
29257,0,8,8
10896,0,8,8
31516,0,8,8
20992,0,8,8
29101,0,8,8
28914,0,8,8
28693,0,8,8
16829,0,8,8
28060,0,8,8
31295,0,8,8
18546,1,7,8
6839,8,0,8
29166,0,8,8
1986,8,0,8
13121,0,8,8
31288,1,7,8
28526,0,8,8
7962,8,0,8
28652,0,8,8
3938,0,8,8
28474,0,8,8
20038,0,8,8
714,0,8,8
25637,0,8,8
28939,0,8,8
31054,0,8,8
5385,8,0,8
16402,0,8,8
2438,8,0,8
28465,0,8,8
3816,8,0,8
24532,0,8,8
29226,0,8,8
7930,1,7,8
4780,0,8,8
16758,0,8,8
28875,0,8,8
5194,8,0,8
29234,0,8,8
29313,0,8,8
5453,8,0,8
24882,1,7,8
4616,8,0,8
17719,0,8,8
3644,0,8,8
5993,8,0,8
10651,8,0,8
11341,0,8,8
10150,1,7,8
22461,0,8,8
2666,0,8,8
3284,8,0,8
9662,8,0,8
20144,1,7,8
15823,0,8,8
24469,0,8,8
31257,0,8,8
4908,0,8,8
31539,0,8,8
31703,0,8,8
2415,1,7,8
1418,2,6,8
28411,0,8,8
6697,0,8,8
7905,8,0,8
17699,1,7,8
10142,0,8,8
29093,0,8,8
18154,0,8,8
17933,0,8,8
18347,1,7,8
19339,3,5,8
4287,0,8,8
3054,8,0,8
2650,2,6,8
11446,0,8,8
28018,0,8,8
6819,0,8,8
9698,0,8,8
3036,8,0,8
32073,0,8,8
20845,0,8,8
32275,1,7,8
4729,0,8,8
29495,0,8,8
22508,0,8,8
6421,1,7,8
18326,0,8,8
30527,0,8,8
28672,0,8,8
28929,0,8,8
8149,8,0,8
24571,0,8,8
31242,0,8,8
2264,2,6,8
25515,0,8,8
23829,0,8,8
31500,0,8,8
14577,0,8,8
24949,8,0,8
5268,0,8,8
22963,8,0,8
22696,1,7,8
28810,0,8,8
31902,1,7,8
21539,0,8,8
473,8,0,8
31699,0,8,8
4229,0,8,8
24817,0,8,8
28475,0,8,8
28869,0,8,8
16231,1,7,8
31883,0,8,8
6737,8,0,8
31080,1,7,8
28304,0,8,8
19727,0,8,8
3034,0,8,8
20550,0,8,8
31134,0,8,8
22203,0,8,8
5565,0,8,8
846,8,0,8
3327,2,6,8
31712,0,8,8
29031,0,8,8
14261,8,0,8
28190,0,8,8
31726,0,8,8
17951,0,8,8
22819,8,0,8
6323,8,0,8
29174,0,8,8
29144,0,8,8
30977,0,8,8
31399,0,8,8
24550,0,8,8
7994,8,0,8
19010,8,0,8
31851,0,8,8
31547,1,7,8
3745,8,0,8
4630,8,0,8
24336,0,8,8
28946,0,8,8
24630,0,8,8
7428,8,0,8
19728,0,8,8
3590,0,8,8
20262,8,0,8
28679,0,8,8
28248,0,8,8
4694,0,8,8
24364,0,8,8
31030,1,7,8
31869,0,8,8
3551,8,0,8
31760,0,8,8
19266,0,8,8
362,0,8,8
4550,8,0,8
29154,0,8,8
28860,0,8,8
21565,8,0,8
2879,8,0,8
28490,0,8,8
184,8,0,8
1349,8,0,8
27872,0,8,8
3239,8,0,8
31523,0,8,8
31381,0,8,8
24486,0,8,8
27235,0,8,8
29135,0,8,8
29848,1,7,8
16651,0,8,8
31070,1,7,8
27966,0,8,8
28325,0,8,8
19569,0,8,8
1329,8,0,8
3915,8,0,8
31100,0,8,8
31705,0,8,8
31064,0,8,8
17963,0,8,8
23404,0,8,8
2745,1,7,8
16421,0,8,8
2530,8,0,8
10472,1,7,8
412,8,0,8
12353,0,8,8
5909,0,8,8
31059,0,8,8
12244,0,8,8
21272,0,8,8
29398,0,8,8
28108,0,8,8
30149,1,7,8
7659,8,0,8
29647,0,8,8
15805,1,7,8
21789,0,8,8
24146,0,8,8
5800,8,0,8
31604,0,8,8
306,8,0,8
21793,1,7,8
31609,1,7,8
3288,8,0,8
28540,0,8,8
3114,8,0,8
28097,0,8,8
31083,0,8,8
31502,1,7,8
2738,8,0,8
23454,0,8,8
10533,0,8,8
5527,2,6,8
3330,0,8,8
25489,0,8,8
31729,0,8,8
29838,0,8,8
5580,8,0,8
19552,0,8,8
2025,0,8,8
25073,0,8,8
31211,0,8,8
3577,0,8,8
20399,0,8,8
29600,1,7,8
24663,0,8,8
25,0,8,8
22154,0,8,8
19822,8,0,8
25889,0,8,8
5496,0,8,8
16703,0,8,8
28887,0,8,8
11935,0,8,8
2575,0,8,8
12221,0,8,8
31026,0,8,8
31554,0,8,8
25330,0,8,8
10790,0,8,8
31091,0,8,8
31845,0,8,8
11177,0,8,8
29632,0,8,8
25348,0,8,8
31112,0,8,8
17403,0,8,8
31415,0,8,8
23432,0,8,8
31880,0,8,8
31677,8,0,8
16675,0,8,8
2532,8,0,8
25821,0,8,8
8305,0,8,8
24117,0,8,8
32135,1,7,8
28636,0,8,8
31537,0,8,8
2772,2,6,8
31013,0,8,8
31615,0,8,8
6901,8,0,8
28608,0,8,8
28642,0,8,8
29409,0,8,8
28029,0,8,8
10818,0,8,8
16405,0,8,8
3110,8,0,8
27926,0,8,8
8527,0,8,8
6376,0,8,8
28401,0,8,8
29223,0,8,8
5322,0,8,8
31893,1,7,8
25974,7,0,7
1665,0,7,7
4250,7,0,7
19801,0,7,7
24429,1,6,7
31191,0,7,7
31925,1,6,7
3381,7,0,7
28024,0,7,7
31820,0,7,7
28768,0,7,7
28250,0,7,7
29904,1,6,7
31756,0,7,7
19586,0,7,7
24745,0,7,7
29240,0,7,7
10047,0,7,7
14835,0,7,7
31706,0,7,7
3986,7,0,7
3029,7,0,7
31818,0,7,7
15113,1,6,7
28831,0,7,7
4975,0,7,7
29731,0,7,7
31857,0,7,7
29004,0,7,7
28033,0,7,7
25525,0,7,7
23425,0,7,7
12043,0,7,7
32211,1,6,7
29212,0,7,7
4679,0,7,7
1080,0,7,7
29605,0,7,7
31488,0,7,7
1970,7,0,7
28432,0,7,7
31730,0,7,7
31951,0,7,7
515,7,0,7
28942,7,0,7
1992,0,7,7
31803,0,7,7
31171,1,6,7
30997,0,7,7
29336,0,7,7
31682,0,7,7
14667,0,7,7
18472,0,7,7
32217,1,6,7
24191,0,7,7
29845,0,7,7
634,7,0,7
20859,0,7,7
31350,0,7,7
29528,0,7,7
26704,0,7,7
19641,0,7,7
20305,0,7,7
22288,7,0,7
29075,0,7,7
2444,0,7,7
4381,0,7,7
25861,0,7,7
29073,0,7,7
25822,0,7,7
31836,0,7,7
2417,7,0,7
31666,0,7,7
31723,1,6,7
66,7,0,7
10955,0,7,7
3772,0,7,7
31809,0,7,7
2458,7,0,7
29456,0,7,7
22967,0,7,7
5930,0,7,7
23598,0,7,7
27294,0,7,7
31391,7,0,7
2691,0,7,7
31632,0,7,7
29682,0,7,7
4445,7,0,7
4123,7,0,7
26325,7,0,7
10159,0,7,7
29306,0,7,7
29399,0,7,7
32305,7,0,7
12301,0,7,7
4888,1,6,7
6216,0,7,7
29108,0,7,7
3428,7,0,7
28707,0,7,7
3862,7,0,7
1028,0,7,7
29380,0,7,7
22879,7,0,7
5989,0,7,7
14404,0,7,7
2268,7,0,7
32297,7,0,7
21577,0,7,7
18881,1,6,7
6868,0,7,7
6909,0,7,7
29533,0,7,7
4467,0,7,7
2705,0,7,7
2726,0,7,7
22988,0,7,7
25810,0,7,7
28336,0,7,7
5987,0,7,7
4207,7,0,7
7435,7,0,7
31386,0,7,7
2560,0,7,7
6034,7,0,7
24290,0,7,7
4349,0,7,7
31901,0,7,7
22064,0,7,7
31858,0,7,7
29463,0,7,7
29170,0,7,7
4747,0,7,7
29598,0,7,7
3408,1,6,7
4216,0,7,7
27873,1,6,7
5501,0,7,7
28387,0,7,7
8218,7,0,7
25827,0,7,7
28949,0,7,7
12850,0,7,7
27991,0,7,7
2675,0,7,7
22116,0,7,7
12894,0,7,7
22693,1,6,7
18171,0,7,7
13833,0,7,7
31636,0,7,7
31707,0,7,7
2449,7,0,7
30078,0,7,7
25207,0,7,7
23482,2,5,7
31095,0,7,7
14534,1,6,7
16165,0,7,7
2374,7,0,7
11526,0,7,7
26961,0,7,7
25513,0,7,7
3137,7,0,7
31331,0,7,7
16060,0,7,7
2863,0,7,7
1670,0,7,7
28828,0,7,7
401,7,0,7
1118,2,5,7
4333,7,0,7
32060,0,7,7
19622,0,7,7
19225,0,7,7
22399,1,6,7
31683,0,7,7
12141,0,7,7
10136,0,7,7
3929,7,0,7
31911,0,7,7
31746,0,7,7
24359,2,5,7
28121,0,7,7
3438,7,0,7
23968,0,7,7
27962,0,7,7
31743,0,7,7
21333,0,7,7
31888,0,7,7
17368,0,7,7
31614,0,7,7
28957,0,7,7
31734,0,7,7
8753,7,0,7
22395,0,7,7
28609,0,7,7
31601,0,7,7
24304,0,7,7
12083,0,7,7
20602,0,7,7
13047,0,7,7
17199,0,7,7
6434,7,0,7
31762,1,6,7
1417,7,0,7
29564,0,7,7
31710,0,7,7
25270,0,7,7
24403,0,7,7
29332,0,7,7
31352,0,7,7
17162,1,6,7
9851,0,7,7
31652,0,7,7
11241,0,7,7
28662,0,7,7
27439,0,7,7
29357,0,7,7
28632,0,7,7
24272,0,7,7
5113,7,0,7
29565,0,7,7
28697,0,7,7
32152,0,7,7
4462,2,5,7
26892,1,6,7
24609,0,7,7
6460,7,0,7
21972,0,7,7
31916,1,6,7
2919,0,7,7
25319,0,7,7
31448,0,7,7
20169,0,7,7
26025,0,7,7
31447,0,7,7
31118,0,7,7
25453,0,7,7
22187,7,0,7
31822,0,7,7
29535,0,7,7
1830,7,0,7
1938,7,0,7
25371,1,6,7
3797,7,0,7
31850,0,7,7
12572,0,7,7
29131,0,7,7
6324,0,7,7
456,0,7,7
28606,0,7,7
7343,7,0,7
24049,1,6,7
31592,0,7,7
31255,0,7,7
31172,0,7,7
12709,0,7,7
13091,0,7,7
6095,0,7,7
15806,0,7,7
1897,7,0,7
25616,1,6,7
28329,0,6,6
14021,6,0,6
13130,6,0,6
25841,0,6,6
29069,0,6,6
12173,0,6,6
20532,0,6,6
7780,6,0,6
22231,6,0,6
8703,6,0,6
22922,6,0,6
28727,0,6,6
3066,0,6,6
31280,0,6,6
4709,0,6,6
1715,0,6,6
4667,6,0,6
23606,0,6,6
10503,0,6,6
19387,1,5,6
25374,0,6,6
23023,0,6,6
29379,0,6,6
20745,0,6,6
20631,0,6,6
6662,6,0,6
26938,0,6,6
22030,0,6,6
32274,6,0,6
2486,6,0,6
13459,6,0,6
27144,0,6,6
13492,6,0,6
31816,0,6,6
14390,0,6,6
3446,0,6,6
25377,0,6,6
31894,0,6,6
14482,0,6,6
6816,0,6,6
6840,0,6,6
3535,6,0,6
2312,6,0,6
583,0,6,6
31088,1,5,6
19162,6,0,6
16222,0,6,6
22566,0,6,6
29613,0,6,6
765,0,6,6
26501,6,0,6
485,0,6,6
16032,0,6,6
4891,6,0,6
17782,1,5,6
28525,0,6,6
29082,0,6,6
142,6,0,6
31510,0,6,6
31868,0,6,6
4108,6,0,6
24494,0,6,6
27994,6,0,6
31824,6,0,6
31611,0,6,6
24158,6,0,6
23040,6,0,6
31296,1,5,6
29455,0,6,6
31885,0,6,6
12816,0,6,6
5744,6,0,6
6262,6,0,6
1685,0,6,6
5529,0,6,6
32142,0,6,6
22449,2,4,6
24207,0,6,6
32128,6,0,6
23755,0,6,6
3927,0,6,6
23256,1,5,6
23501,0,6,6
520,6,0,6
29312,0,6,6
1340,6,0,6
31740,0,6,6
1439,6,0,6
5718,6,0,6
4731,6,0,6
6812,0,6,6
1440,0,6,6
31659,0,6,6
16803,0,6,6
27738,0,6,6
10545,0,6,6
29070,0,6,6
31303,0,6,6
27465,0,6,6
5624,6,0,6
25193,0,6,6
13761,0,6,6
28229,0,6,6
12729,0,6,6
31105,0,6,6
21819,0,6,6
24917,0,6,6
25251,0,6,6
30141,0,6,6
25097,0,6,6
18766,1,5,6
25912,0,6,6
67,0,6,6
4796,0,6,6
4543,6,0,6
19802,0,6,6
24064,0,6,6
29459,0,6,6
28205,0,6,6
21425,6,0,6
23325,1,5,6
30170,0,6,6
25136,6,0,6
1746,6,0,6
11189,0,6,6
31782,0,6,6
2166,0,6,6
4651,6,0,6
9373,6,0,6
4061,0,6,6
31872,0,6,6
24162,6,0,6
31953,1,5,6
26737,0,6,6
18806,0,6,6
26628,0,6,6
1894,6,0,6
5417,6,0,6
29245,0,6,6
13742,0,6,6
18744,6,0,6
31942,0,6,6
16415,0,6,6
5362,0,6,6
5069,6,0,6
2688,6,0,6
22302,1,5,6
18515,0,6,6
4706,6,0,6
21969,6,0,6
9331,6,0,6
26562,0,6,6
31766,0,6,6
25019,0,6,6
30235,0,6,6
29159,0,6,6
17730,0,6,6
28577,0,6,6
29217,0,6,6
24123,0,6,6
2958,0,6,6
32203,1,5,6
11028,0,6,6
16890,6,0,6
7955,6,0,6
24267,0,6,6
21811,6,0,6
4300,0,6,6
16642,0,6,6
13505,0,6,6
24597,0,6,6
21147,0,6,6
21658,0,6,6
13768,0,6,6
31286,0,6,6
20477,0,6,6
31675,0,6,6
31700,0,6,6
26518,0,6,6
20852,0,6,6
32114,1,5,6
1758,0,6,6
22599,0,6,6
4327,6,0,6
28234,0,6,6
24091,0,6,6
8906,6,0,6
2857,0,6,6
6845,6,0,6
25535,0,6,6
23766,0,6,6
28666,0,6,6
24656,0,6,6
31362,0,6,6
26794,0,6,6
17209,0,6,6
29095,0,6,6
6723,6,0,6
29480,0,6,6
24914,0,6,6
28444,0,6,6
10380,1,5,6
29829,0,6,6
1791,0,6,6
18551,0,6,6
30306,0,6,6
24321,0,6,6
23151,6,0,6
28692,0,6,6
31126,0,6,6
16200,0,6,6
31748,0,6,6
16182,0,6,6
2628,0,6,6
3135,6,0,6
25078,0,6,6
29558,0,6,6
11631,6,0,6
1153,6,0,6
15804,6,0,6
29840,0,6,6
25698,2,4,6
24224,0,6,6
31440,0,6,6
29527,0,6,6
4178,6,0,6
1400,0,6,6
1070,0,6,6
965,6,0,6
29537,0,6,6
9941,0,6,6
2105,6,0,6
5308,1,5,6
31770,0,6,6
11238,0,6,6
29263,0,6,6
8341,0,6,6
31311,0,6,6
3401,6,0,6
15965,0,6,6
8374,6,0,6
15982,0,6,6
24729,0,6,6
8134,6,0,6
10873,0,6,6
5325,6,0,6
29562,0,6,6
12124,0,6,6
31530,1,5,6
22539,0,6,6
8247,6,0,6
29205,0,6,6
31724,1,5,6
23985,0,6,6
12222,0,6,6
10989,0,6,6
25649,0,6,6
12290,0,6,6
27602,6,0,6
23459,0,6,6
29452,0,6,6
31022,0,6,6
7416,6,0,6
24070,0,6,6
24763,0,6,6
3666,6,0,6
6202,0,6,6
10675,0,6,6
24276,1,5,6
17870,0,6,6
25033,0,6,6
25486,0,6,6
21141,0,6,6
370,6,0,6
24780,0,6,6
31754,0,6,6
28637,0,6,6
18010,0,6,6
11220,0,6,6
23172,6,0,6
31061,0,6,6
5869,0,6,6
8959,6,0,6
19341,6,0,6
20429,0,6,6
29030,0,6,6
24647,0,6,6
6529,6,0,6
31669,0,6,6
10679,0,6,6
24673,0,6,6
25840,0,6,6
16958,0,6,6
12265,0,6,6
7625,6,0,6
27886,0,6,6
5460,6,0,6
25360,0,6,6
3453,6,0,6
31206,1,5,6
16224,0,6,6
28617,0,6,6
14488,0,6,6
8264,0,6,6
24545,1,5,6
24899,0,5,5
3076,0,5,5
27307,0,5,5
22043,0,5,5
27404,0,5,5
31861,0,5,5
29982,0,5,5
21245,0,5,5
29550,0,5,5
31896,0,5,5
29534,0,5,5
26186,0,5,5
29189,0,5,5
23652,0,5,5
27250,0,5,5
28613,0,5,5
20656,1,4,5
1845,0,5,5
25091,0,5,5
31323,0,5,5
5907,0,5,5
13752,0,5,5
11932,0,5,5
31151,0,5,5
10483,0,5,5
6278,0,5,5
4645,0,5,5
8190,5,0,5
18809,3,2,5
560,5,0,5
6679,0,5,5
25942,0,5,5
26807,5,0,5
31529,0,5,5
16110,0,5,5
24839,0,5,5
28983,0,5,5
367,0,5,5
1762,0,5,5
4407,5,0,5
25147,0,5,5
3393,0,5,5
4004,0,5,5
16026,0,5,5
25545,0,5,5
3558,5,0,5
29518,0,5,5
10951,0,5,5
24518,0,5,5
24480,0,5,5
23776,0,5,5
14398,5,0,5
25580,0,5,5
31921,0,5,5
32293,5,0,5
6826,0,5,5
25040,0,5,5
28977,0,5,5
6046,5,0,5
5319,0,5,5
29428,0,5,5
13719,0,5,5
28854,0,5,5
1360,0,5,5
29627,0,5,5
10137,0,5,5
29034,0,5,5
31180,0,5,5
28641,0,5,5
29349,0,5,5
1773,5,0,5
31793,5,0,5
22176,0,5,5
25771,0,5,5
28076,0,5,5
2319,0,5,5
15888,0,5,5
2482,0,5,5
7670,5,0,5
27904,0,5,5
19179,5,0,5
5031,0,5,5
7580,5,0,5
31788,0,5,5
18569,0,5,5
20764,0,5,5
311,0,5,5
11063,5,0,5
18179,0,5,5
6166,0,5,5
3396,0,5,5
6644,5,0,5
9146,5,0,5
5882,5,0,5
31497,0,5,5
25760,0,5,5
2883,5,0,5
23982,0,5,5
22425,5,0,5
31835,5,0,5
11174,0,5,5
29271,0,5,5
2699,5,0,5
5821,1,4,5
31877,1,4,5
1592,0,5,5
4431,5,0,5
31974,0,5,5
8699,5,0,5
1462,5,0,5
3910,5,0,5
28359,0,5,5
31771,0,5,5
6780,1,4,5
8086,0,5,5
22337,0,5,5
28196,0,5,5
11079,0,5,5
29657,0,5,5
23056,5,0,5
9315,5,0,5
29587,0,5,5
27120,0,5,5
5441,5,0,5
23796,0,5,5
28402,0,5,5
22469,0,5,5
19468,5,0,5
55,5,0,5
4895,0,5,5
11653,0,5,5
2281,0,5,5
29540,0,5,5
31207,0,5,5
25929,0,5,5
23655,0,5,5
3232,5,0,5
29681,0,5,5
4881,5,0,5
2632,0,5,5
19306,0,5,5
8280,5,0,5
18215,0,5,5
26345,0,5,5
10437,0,5,5
23295,5,0,5
1526,5,0,5
29340,0,5,5
31536,0,5,5
3574,5,0,5
29250,0,5,5
502,0,5,5
8782,5,0,5
31067,0,5,5
6168,5,0,5
29353,0,5,5
24424,0,5,5
25059,0,5,5
17619,0,5,5
1128,5,0,5
29561,0,5,5
25402,0,5,5
822,0,5,5
31879,0,5,5
6039,5,0,5
25958,0,5,5
31040,0,5,5
29888,0,5,5
16624,0,5,5
31917,0,5,5
5380,0,5,5
28770,0,5,5
1008,0,5,5
18619,5,0,5
3589,5,0,5
29614,0,5,5
3676,5,0,5
24543,0,5,5
18125,0,5,5
23871,0,5,5
28683,0,5,5
6121,5,0,5
3317,5,0,5
23800,0,5,5
5152,5,0,5
3504,5,0,5
12602,0,5,5
2644,0,5,5
6616,5,0,5
20499,5,0,5
8326,0,5,5
29285,0,5,5
14302,0,5,5
19550,0,5,5
972,5,0,5
22205,5,0,5
1076,0,5,5
5760,5,0,5
22439,5,0,5
12798,0,5,5
23525,0,5,5
29477,0,5,5
27166,0,5,5
5842,0,5,5
29529,0,5,5
27229,0,5,5
29127,0,5,5
1333,0,5,5
3925,5,0,5
31585,5,0,5
12413,0,5,5
7947,5,0,5
29391,0,5,5
30980,5,0,5
5030,0,5,5
21387,0,5,5
27145,0,5,5
31741,0,5,5
21179,0,5,5
28045,0,5,5
4002,0,5,5
322,0,5,5
383,5,0,5
29832,0,5,5
17283,0,5,5
32311,1,4,5
28984,0,5,5
25565,0,5,5
31889,0,5,5
19515,5,0,5
31910,0,5,5
32146,0,5,5
20271,0,5,5
5579,0,5,5
23475,0,5,5
2416,0,5,5
31798,0,5,5
29382,0,5,5
29266,5,0,5
31774,0,5,5
18845,0,5,5
11469,0,5,5
29578,0,5,5
31553,0,5,5
3302,0,5,5
24682,0,5,5
31686,0,5,5
29123,0,5,5
3598,1,4,5
31716,0,5,5
29686,0,5,5
8018,5,0,5
2292,0,5,5
31322,0,5,5
4578,0,5,5
3411,5,0,5
1144,5,0,5
31674,0,5,5
3238,0,5,5
8772,5,0,5
21720,0,5,5
4974,5,0,5
26043,0,5,5
18614,0,5,5
3802,0,5,5
24361,5,0,5
28156,0,5,5
27366,0,5,5
4008,5,0,5
28900,0,5,5
2137,5,0,5
31773,0,5,5
14017,5,0,5
22843,0,5,5
18031,0,5,5
27843,5,0,5
7147,0,5,5
29689,0,5,5
24365,5,0,5
21875,0,5,5
19505,0,5,5
20685,0,5,5
21251,0,5,5
4291,0,5,5
28789,0,5,5
374,4,0,4
5533,4,0,4
500,0,4,4
5568,0,4,4
23618,4,0,4
19369,4,0,4
5483,4,0,4
15452,0,4,4
6447,0,4,4
29707,0,4,4
29059,0,4,4
7413,4,0,4
4860,0,4,4
29270,0,4,4
2290,4,0,4
6050,4,0,4
459,4,0,4
4204,0,4,4
5621,0,4,4
31849,0,4,4
1243,0,4,4
4622,4,0,4
7232,4,0,4
7898,4,0,4
25120,0,4,4
4823,4,0,4
5862,0,4,4
4296,4,0,4
3795,0,4,4
6392,4,0,4
31098,0,4,4
7078,0,4,4
3844,0,4,4
7014,0,4,4
22768,4,0,4
5555,0,4,4
28388,0,4,4
6580,0,4,4
8191,4,0,4
22731,0,4,4
17556,4,0,4
1419,4,0,4
11961,4,0,4
6612,0,4,4
5693,0,4,4
6806,0,4,4
1043,4,0,4
881,4,0,4
5442,0,4,4
31123,0,4,4
7135,0,4,4
22939,4,0,4
5478,0,4,4
5144,0,4,4
4944,0,4,4
25046,4,0,4
6910,0,4,4
32292,4,0,4
19356,4,0,4
28778,0,4,4
25167,0,4,4
6282,0,4,4
25053,0,4,4
7098,0,4,4
10324,0,4,4
29318,0,4,4
31725,0,4,4
16650,0,4,4
3435,0,4,4
24714,4,0,4
1760,0,4,4
6664,0,4,4
6462,0,4,4
5080,0,4,4
29644,4,0,4
23507,0,4,4
3673,0,4,4
4358,0,4,4
2833,4,0,4
3197,0,4,4
18030,0,4,4
2148,4,0,4
4724,0,4,4
7151,0,4,4
6467,0,4,4
28903,0,4,4
19058,0,4,4
30732,0,4,4
22633,0,4,4
2803,4,0,4
5092,0,4,4
5343,0,4,4
21893,4,0,4
3879,0,4,4
1921,4,0,4
6295,0,4,4
8067,4,0,4
6002,0,4,4
31444,0,4,4
27350,4,0,4
29046,0,4,4
18068,4,0,4
8505,4,0,4
31792,0,4,4
29732,0,4,4
5650,4,0,4
6715,4,0,4
4294,4,0,4
7315,4,0,4
2557,4,0,4
22125,0,4,4
1959,4,0,4
14484,0,4,4
20218,4,0,4
13103,0,4,4
31738,0,4,4
28868,0,4,4
5749,0,4,4
5162,0,4,4
4687,0,4,4
1388,0,4,4
6550,0,4,4
1993,0,4,4
6088,0,4,4
2604,4,0,4
29555,0,4,4
5188,0,4,4
4738,0,4,4
20786,0,4,4
1759,0,4,4
31860,0,4,4
9561,4,0,4
1776,4,0,4
6674,0,4,4
8919,4,0,4
14504,0,4,4
26201,0,4,4
5506,4,0,4
3550,0,4,4
3264,0,4,4
6176,4,0,4
3813,0,4,4
12185,0,4,4
29590,0,4,4
21108,0,4,4
25461,0,4,4
6803,0,4,4
3944,4,0,4
5046,0,4,4
23164,4,0,4
19668,4,0,4
6824,0,4,4
22160,0,4,4
25688,0,4,4
4943,4,0,4
31918,0,4,4
4197,4,0,4
5256,0,4,4
28445,0,4,4
3271,0,4,4
31241,0,4,4
5667,0,4,4
6582,0,4,4
7245,4,0,4
20895,0,4,4
22336,4,0,4
6435,0,4,4
31758,0,4,4
2967,0,4,4
29138,0,4,4
21839,0,4,4
1666,4,0,4
7202,0,4,4
20874,4,0,4
4839,0,4,4
5000,0,4,4
22357,4,0,4
6635,0,4,4
29295,0,4,4
5015,4,0,4
3240,4,0,4
6593,4,0,4
6330,4,0,4
2139,0,4,4
8667,4,0,4
5010,0,4,4
2875,0,4,4
22776,4,0,4
2037,4,0,4
2903,4,0,4
3055,0,4,4
29497,0,4,4
6782,0,4,4
4732,0,4,4
31113,0,4,4
2472,0,4,4
25815,4,0,4
29652,0,4,4
8499,4,0,4
4366,0,4,4
2420,0,4,4
6907,4,0,4
5019,4,0,4
4350,4,0,4
5953,0,4,4
1002,0,4,4
24422,0,4,4
5420,0,4,4
6533,0,4,4
2965,4,0,4
31667,0,4,4
2741,4,0,4
6125,0,4,4
15227,4,0,4
6331,4,0,4
28970,0,4,4
4440,4,0,4
5962,4,0,4
2622,0,4,4
695,4,0,4
6036,0,4,4
5726,4,0,4
3382,0,4,4
454,0,4,4
5120,0,4,4
30935,1,3,4
5061,0,4,4
8835,4,0,4
1805,4,0,4
5374,0,4,4
20866,0,4,4
619,4,0,4
6339,0,4,4
3618,0,4,4
6600,0,4,4
19920,3,1,4
4240,0,4,4
3466,0,4,4
29190,0,4,4
2706,4,0,4
3639,0,4,4
5804,0,4,4
31993,0,4,4
24071,0,4,4
5428,0,4,4
6103,4,0,4
24823,0,4,4
5643,0,4,4
5522,4,0,4
2306,0,4,4
3169,4,0,4
25411,0,4,4
5097,0,4,4
15390,4,0,4
25522,4,0,4
1020,4,0,4
31589,4,0,4
5992,0,4,4
31503,0,4,4
6312,0,4,4
18536,0,4,4
6649,0,4,4
28041,0,4,4
4078,0,4,4
6284,0,4,4
5252,0,4,4
31971,0,4,4
29129,0,4,4
2783,4,0,4
27013,0,4,4
1391,4,0,4
6929,0,4,4
31765,0,4,4
2492,0,4,4
29625,0,4,4
20217,0,4,4
2154,0,4,4
19558,4,0,4
4690,4,0,4
4792,4,0,4
4571,0,4,4
3889,0,4,4
2298,4,0,4
5096,4,0,4
7179,0,4,4
25338,4,0,4
12998,0,4,4
5889,0,4,4
4923,4,0,4
31003,0,4,4
5485,0,4,4
14611,0,4,4
28717,0,4,4
2593,0,4,4
4902,4,0,4
31680,0,4,4
6124,0,4,4
7003,0,4,4
21123,0,4,4
31830,0,4,4
31854,0,4,4
19105,0,4,4
17158,0,4,4
24144,0,4,4
22095,0,4,4
22953,4,0,4
5470,4,0,4
12722,0,4,4
5566,0,4,4
5034,4,0,4
974,0,4,4
29280,0,4,4
31927,0,4,4
3663,4,0,4
27993,0,4,4
6475,4,0,4
4948,0,4,4
5892,0,4,4
14469,0,4,4
23464,0,4,4
23039,4,0,4
31361,0,4,4
19289,0,4,4
25459,0,4,4
27921,0,4,4
937,4,0,4
9066,4,0,4
29649,0,4,4
31380,0,4,4
5279,0,4,4
6237,4,0,4
759,4,0,4
6681,0,4,4
28998,0,4,4
6042,0,4,4
3904,4,0,4
20297,4,0,4
28581,0,4,4
6444,0,4,4
27477,0,4,4
4885,4,0,4
7859,4,0,4
20648,0,4,4
3992,0,4,4
4756,0,4,4
25394,0,4,4
5967,0,4,4
28278,0,4,4
5823,0,4,4
26408,0,4,4
6153,0,4,4
31644,0,4,4
4537,4,0,4
25519,0,4,4
1834,0,4,4
2986,0,4,4
3630,0,4,4
31871,0,4,4
5668,0,4,4
23254,4,0,4
15242,4,0,4
24655,0,4,4
7094,0,4,4
25364,0,4,4
1294,4,0,4
29658,0,4,4
18643,0,4,4
8197,0,4,4
29661,0,4,4
28266,0,4,4
3586,4,0,4
21831,0,4,4
12958,0,4,4
3448,0,4,4
11716,4,0,4
4505,4,0,4
6971,0,4,4
18774,0,4,4
13666,4,0,4
29494,0,4,4
31587,0,4,4
22866,0,4,4
6831,0,4,4
2781,0,4,4
14581,0,4,4
5846,0,4,4
4271,4,0,4
31326,0,4,4
26301,4,0,4
19166,0,4,4
29854,4,0,4
3809,0,4,4
237,0,4,4
7965,4,0,4
26212,4,0,4
6163,4,0,4
5786,0,4,4
8448,0,4,4
27431,0,4,4
31505,0,4,4
21886,4,0,4
2775,0,4,4
6959,0,4,4
17857,0,4,4
24998,0,4,4
13860,4,0,4
8663,4,0,4
2724,0,4,4
21370,0,4,4
1041,4,0,4
4991,0,4,4
6726,0,4,4
27856,0,4,4
5389,0,4,4
6983,0,4,4
25094,0,4,4
3467,0,4,4
1880,4,0,4
31935,0,4,4
1217,4,0,4
8830,3,0,3
21751,2,1,3
1509,3,0,3
8233,3,0,3
27546,3,0,3
24328,3,0,3
2716,3,0,3
4648,3,0,3
29616,0,3,3
6946,3,0,3
22864,3,0,3
32190,0,3,3
24248,0,3,3
29911,0,3,3
11435,0,3,3
5182,3,0,3
6056,3,0,3
7421,3,0,3
8524,3,0,3
2814,3,0,3
4033,3,0,3
18578,1,2,3
8053,3,0,3
245,3,0,3
4172,0,3,3
6165,0,3,3
29322,0,3,3
5032,3,0,3
1566,3,0,3
1510,0,3,3
5180,0,3,3
28965,0,3,3
14907,1,2,3
6104,0,3,3
25755,3,0,3
17318,0,3,3
3614,3,0,3
27980,0,3,3
28872,0,3,3
31153,0,3,3
10255,0,3,3
832,0,3,3
6031,3,0,3
4593,3,0,3
8307,3,0,3
7440,3,0,3
4261,0,3,3
31826,0,3,3
31806,3,0,3
21814,3,0,3
8957,3,0,3
5321,3,0,3
28649,0,3,3
9674,3,0,3
6677,3,0,3
1827,3,0,3
28458,0,3,3
853,3,0,3
6276,3,0,3
21790,0,3,3
20902,0,3,3
13855,3,0,3
1745,0,3,3
1753,3,0,3
2350,3,0,3
2936,0,3,3
19334,0,3,3
26304,0,3,3
6621,3,0,3
31878,0,3,3
31213,0,3,3
2020,0,3,3
1120,3,0,3
31522,0,3,3
26106,3,0,3
30437,0,3,3
5848,3,0,3
1736,3,0,3
6940,0,3,3
11904,0,3,3
22293,2,1,3
26324,3,0,3
19815,3,0,3
4140,3,0,3
29668,0,3,3
31757,0,3,3
29872,0,3,3
6596,0,3,3
31972,0,3,3
7971,3,0,3
27997,0,3,3
5022,3,0,3
24247,1,2,3
6038,1,2,3
2647,3,0,3
13078,3,0,3
32158,0,3,3
5307,1,2,3
24918,0,3,3
5592,3,0,3
23282,1,2,3
5003,3,0,3
22366,1,2,3
3571,3,0,3
26848,0,3,3
31270,0,3,3
1702,3,0,3
25987,0,3,3
26367,3,0,3
8577,3,0,3
12443,3,0,3
7133,3,0,3
29371,0,3,3
4802,3,0,3
27311,1,2,3
5166,3,0,3
2822,3,0,3
25021,0,3,3
22191,0,3,3
15372,0,3,3
31781,0,3,3
4726,3,0,3
19198,0,3,3
1895,0,3,3
2271,0,3,3
8478,3,0,3
31954,0,3,3
18247,3,0,3
3294,3,0,3
12815,0,3,3
25587,0,3,3
31407,0,3,3
5089,0,3,3
19921,0,3,3
7162,0,3,3
20040,0,3,3
31932,0,3,3
31867,3,0,3
5854,0,3,3
7661,3,0,3
5978,3,0,3
23386,0,3,3
27503,3,0,3
14409,2,0,2
31890,2,0,2
10925,2,0,2
4574,2,0,2
17332,0,2,2
528,2,0,2
31961,0,2,2
4040,2,0,2
3105,2,0,2
5286,0,2,2
22728,2,0,2
954,0,2,2
6154,2,0,2
8768,2,0,2
11323,2,0,2
2788,2,0,2
23381,2,0,2
13551,2,0,2
342,0,2,2
24440,2,0,2
24219,0,2,2
2808,2,0,2
3731,0,2,2
25158,0,2,2
23232,2,0,2
31913,0,2,2
6131,2,0,2
31984,0,2,2
14449,1,1,2
6986,0,2,2
8244,2,0,2
31948,0,2,2
24035,2,0,2
21588,0,2,2
363,2,0,2
3490,2,0,2
31944,2,0,2
5488,0,2,2
31081,2,0,2
3185,2,0,2
436,2,0,2
1132,2,0,2
14785,2,0,2
19517,2,0,2
20711,0,2,2
19927,0,2,2
517,2,0,2
25906,2,0,2
6688,2,0,2
22943,0,2,2
4979,2,0,2
27139,0,2,2
6879,0,2,2
31962,0,2,2
4417,0,2,2
9572,2,0,2
9726,0,2,2
2452,2,0,2
13932,2,0,2
18616,0,2,2
966,2,0,2
6423,2,0,2
14804,2,0,2
29783,0,2,2
10119,2,0,2
11439,2,0,2
6055,0,2,2
2294,2,0,2
21647,0,2,2
8731,2,0,2
3842,2,0,2
5751,2,0,2
6116,2,0,2
7604,2,0,2
6079,0,2,2
3881,0,2,2
323,2,0,2
14817,2,0,2
31372,0,2,2
4321,2,0,2
5151,2,0,2
30442,0,2,2
7561,2,0,2
23204,2,0,2
22383,2,0,2
6272,0,2,2
12415,2,0,2
22491,2,0,2
11518,0,2,2
31882,0,2,2
31986,0,2,2
516,0,2,2
616,2,0,2
8602,2,0,2
4118,2,0,2
29543,0,2,2
22361,0,2,2
29909,0,2,2
2755,2,0,2
24884,2,0,2
7297,2,0,2
3158,2,0,2
249,2,0,2
5802,0,2,2
6538,2,0,2
29493,1,1,2
6243,2,0,2
25972,2,0,2
25518,0,2,2
6602,2,0,2
5212,0,2,2
4344,0,2,2
6398,0,2,2
7474,2,0,2
1744,2,0,2
30463,2,0,2
22992,2,0,2
8411,2,0,2
14507,0,2,2
24916,2,0,2
6895,2,0,2
5949,0,2,2
22689,2,0,2
6953,2,0,2
31892,2,0,2
7446,2,0,2
6954,2,0,2
6595,2,0,2
17972,0,2,2
25801,2,0,2
31673,2,0,2
346,2,0,2
13694,1,1,2
8249,0,2,2
7734,2,0,2
8595,2,0,2
31994,0,2,2
5278,2,0,2
23797,0,2,2
31256,2,0,2
11521,0,2,2
643,0,2,2
4520,2,0,2
8146,2,0,2
8169,2,0,2
31955,2,0,2
29466,2,0,2
30955,2,0,2
1405,2,0,2
5946,2,0,2
18587,0,2,2
14809,1,1,2
2864,2,0,2
21817,2,0,2
19011,2,0,2
6926,2,0,2
31982,2,0,2
13359,1,1,2
5929,0,2,2
3923,2,0,2
2133,2,0,2
13575,2,0,2
24185,0,2,2
73,2,0,2
29809,0,2,2
25576,0,2,2
28177,0,2,2
5257,2,0,2
4093,2,0,2
14664,2,0,2
14049,2,0,2
6370,0,2,2
29074,0,2,2
25834,0,2,2
17723,2,0,2
20182,0,2,2
13629,2,0,2
3935,2,0,2
9053,2,0,2
2339,2,0,2
29656,0,2,2
31967,0,2,2
1968,2,0,2
31956,2,0,2
11955,2,0,2
6480,0,2,2
7025,2,0,2
6603,2,0,2
8557,2,0,2
6385,0,2,2
16911,0,2,2
31518,0,2,2
29680,0,2,2
24767,2,0,2
18280,2,0,2
6766,2,0,2
31462,2,0,2
2463,2,0,2
8748,2,0,2
12372,2,0,2
6472,2,0,2
6015,2,0,2
8211,2,0,2
24703,0,2,2
14981,2,0,2
6886,0,2,2
9484,0,2,2
18007,2,0,2
31671,0,2,2
26385,0,2,2
2802,2,0,2
10402,0,2,2
2375,2,0,2
7307,2,0,2
1455,2,0,2
29420,2,0,2
23338,1,1,2
4819,2,0,2
29880,2,0,2
25740,2,0,2
868,0,2,2
14388,2,0,2
27673,0,2,2
26215,2,0,2
12773,2,0,2
5883,2,0,2
5147,0,2,2
20922,0,2,2
5067,2,0,2
31891,2,0,2
7904,2,0,2
4290,0,2,2
16396,2,0,2
21965,2,0,2
31783,0,2,2
4439,2,0,2
8579,2,0,2
32004,0,2,2
31874,0,2,2
31909,0,2,2
20030,0,2,2
25027,0,2,2
7594,2,0,2
5055,2,0,2
5633,2,0,2
12654,2,0,2
21979,2,0,2
29736,2,0,2
6501,0,2,2
3768,2,0,2
7118,0,2,2
5228,2,0,2
24741,0,2,2
8521,2,0,2
6011,0,2,2
16156,0,2,2
22464,2,0,2
24212,0,2,2
11289,2,0,2
6258,2,0,2
5021,0,2,2
31802,2,0,2
3840,2,0,2
8284,2,0,2
10743,1,1,2
31940,2,0,2
9132,2,0,2
28866,0,2,2
25847,0,2,2
25375,2,0,2
6814,2,0,2
17647,0,2,2
31904,2,0,2
2278,2,0,2
13400,2,0,2
9106,2,0,2
11276,0,2,2
2467,0,2,2
20695,2,0,2
13356,2,0,2
4477,2,0,2
5053,2,0,2
6432,2,0,2
32308,2,0,2
3487,2,0,2
6745,2,0,2
2229,2,0,2
9871,2,0,2
2553,2,0,2
13441,2,0,2
4328,2,0,2
744,2,0,2
3779,2,0,2
8492,0,2,2
22436,0,2,2
8820,2,0,2
25668,0,2,2
31977,0,2,2
5913,2,0,2
13248,1,1,2
7379,2,0,2
8188,2,0,2
27481,0,2,2
8117,2,0,2
7523,2,0,2
4345,0,2,2
25669,0,2,2
8765,2,0,2
5095,0,2,2
5146,2,0,2
3924,0,2,2
22748,2,0,2
13313,2,0,2
2087,2,0,2
381,0,2,2
16409,0,2,2
5531,0,2,2
8617,2,0,2
6716,2,0,2
19357,2,0,2
6701,2,0,2
6470,0,2,2
4499,0,2,2
8804,2,0,2
31690,2,0,2
1309,2,0,2
13511,2,0,2
23121,0,2,2
5678,2,0,2
29757,2,0,2
19297,2,0,2
3612,2,0,2
32312,2,0,2
25189,0,2,2
3506,2,0,2
17558,2,0,2
28584,0,2,2
5794,2,0,2
30389,2,0,2
26066,0,2,2
6162,2,0,2
6921,2,0,2
3539,2,0,2
4666,0,2,2
8609,2,0,2
23324,2,0,2
21320,2,0,2
5528,0,2,2
31946,0,2,2
2082,2,0,2
18115,0,2,2
4557,2,0,2
23341,1,1,2
10214,0,2,2
13489,2,0,2
4162,2,0,2
31787,2,0,2
22645,2,0,2
7673,2,0,2
12528,0,2,2
29445,0,2,2
13175,0,2,2
14039,2,0,2
31217,0,2,2
5815,2,0,2
24459,0,2,2
5588,0,2,2
13429,2,0,2
29415,0,2,2
2364,2,0,2
18891,0,2,2
8324,2,0,2
180,2,0,2
5498,2,0,2
9500,2,0,2
5714,2,0,2
20069,2,0,2
5999,2,0,2
9516,2,0,2
7128,2,0,2
6904,0,2,2
30503,0,2,2
4940,2,0,2
2402,0,2,2
9921,1,1,2
22443,0,2,2
19659,2,0,2
29498,0,2,2
32085,0,2,2
1390,0,2,2
7433,2,0,2
11529,0,2,2
5211,2,0,2
28009,0,2,2
8482,2,0,2
22949,2,0,2
3749,0,2,2
15217,2,0,2
16472,0,2,2
2695,2,0,2
9619,2,0,2
6351,0,2,2
6320,0,2,2
29893,2,0,2
6393,2,0,2
29583,2,0,2
22657,2,0,2
31749,2,0,2
4898,2,0,2
22434,0,2,2
6292,2,0,2
3677,0,2,2
3728,2,0,2
913,2,0,2
8872,0,2,2
20629,0,2,2
4230,0,2,2
5137,2,0,2
32165,0,2,2
29597,0,2,2
29648,0,2,2
3013,0,2,2
22557,0,2,2
18864,2,0,2
8779,2,0,2
7768,2,0,2
2908,0,2,2
5570,2,0,2
29623,0,2,2
2466,0,2,2
5477,2,0,2
3573,2,0,2
522,0,2,2
16250,0,2,2
13388,2,0,2
31915,2,0,2
26147,0,2,2
11283,0,2,2
8746,2,0,2
31742,0,2,2
13552,2,0,2
22625,2,0,2
24182,0,2,2
18020,2,0,2
29915,2,0,2
31811,0,2,2
22774,2,0,2
8742,2,0,2
14670,2,0,2
13881,2,0,2
13048,2,0,2
29230,0,2,2
30257,2,0,2
7000,2,0,2
5439,0,2,2
4743,2,0,2
4985,2,0,2
31947,0,2,2
26363,2,0,2
8014,2,0,2
24735,0,2,2
26516,2,0,2
2743,2,0,2
5310,2,0,2
31875,0,2,2
31578,0,2,2
9524,2,0,2
13690,1,1,2
5735,0,2,2
6242,2,0,2
19467,2,0,2
26162,0,2,2
6984,2,0,2
7027,2,0,2
22507,0,2,2
29620,2,0,2
4847,2,0,2
681,0,2,2
9777,0,2,2
21503,2,0,2
31855,2,0,2
3894,0,2,2
30108,0,2,2
8739,2,0,2
8723,2,0,2
2091,0,2,2
6461,0,2,2
31621,0,2,2
6571,0,2,2
226,2,0,2
22648,2,0,2
25313,0,2,2
32210,1,0,1
24482,0,1,1
31481,0,1,1
9138,0,1,1
6966,0,1,1
13933,1,0,1
4598,1,0,1
6577,0,1,1
6009,1,0,1
18141,1,0,1
3531,0,1,1
31590,0,1,1
7671,0,1,1
8822,0,1,1
5763,0,1,1
31976,0,1,1
26091,0,1,1
7682,0,1,1
31733,0,1,1
7132,0,1,1
6493,0,1,1
6725,0,1,1
25571,0,1,1
12250,0,1,1
8949,0,1,1
305,0,1,1
25851,0,1,1
26261,0,1,1
8791,0,1,1
6673,0,1,1
25928,0,1,1
6358,0,1,1
30411,1,0,1
14233,0,1,1
6135,0,1,1
2203,0,1,1
29441,0,1,1
27682,0,1,1
9259,0,1,1
6705,0,1,1
2809,0,1,1
32011,0,1,1
8694,0,1,1
11574,0,1,1
31633,0,1,1
32008,0,1,1
7459,0,1,1
7072,0,1,1
6491,0,1,1
25900,0,1,1
29531,0,1,1
29451,0,1,1
28367,0,1,1
25925,0,1,1
8813,0,1,1
26962,0,1,1
25903,0,1,1
14391,1,0,1
31866,0,1,1
13218,1,0,1
9411,0,1,1
25999,0,1,1
6585,0,1,1
9100,0,1,1
13472,1,0,1
26014,0,1,1
22472,1,0,1
4517,0,1,1
6017,0,1,1
2030,0,1,1
5040,0,1,1
5914,1,0,1
29814,0,1,1
8417,0,1,1
3429,0,1,1
25498,0,1,1
26019,0,1,1
5076,0,1,1
30581,0,1,1
25539,0,1,1
26190,0,1,1
7338,0,1,1
9112,0,1,1
22496,0,1,1
6233,0,1,1
9840,1,0,1
23267,1,0,1
2162,0,1,1
21513,0,1,1
9210,0,1,1
29816,0,1,1
32209,0,1,1
7130,0,1,1
18310,0,1,1
6229,0,1,1
6519,0,1,1
7079,0,1,1
8633,1,0,1
16214,0,1,1
10891,0,1,1
6949,0,1,1
31958,0,1,1
4722,0,1,1
6290,0,1,1
25777,0,1,1
2869,0,1,1
11717,0,1,1
29694,0,1,1
14069,0,1,1
22387,0,1,1
26029,0,1,1
766,1,0,1
5018,0,1,1
29792,0,1,1
4880,0,1,1
8428,0,1,1
13655,0,1,1
32007,0,1,1
29720,0,1,1
26185,0,1,1
7674,0,1,1
27149,0,1,1
4410,0,1,1
24584,0,1,1
29447,0,1,1
6719,0,1,1
31998,0,1,1
5261,0,1,1
29752,0,1,1
6702,0,1,1
7063,0,1,1
6985,0,1,1
25665,0,1,1
14515,0,1,1
25054,0,1,1
3181,0,1,1
9168,0,1,1
4192,0,1,1
23865,0,1,1
14270,0,1,1
9185,0,1,1
9166,0,1,1
8383,0,1,1
11153,0,1,1
26074,0,1,1
9115,0,1,1
9121,0,1,1
13516,0,1,1
9335,0,1,1
32186,0,1,1
7623,0,1,1
26534,1,0,1
26164,0,1,1
5933,0,1,1
2195,1,0,1
6614,1,0,1
25276,0,1,1
29805,0,1,1
26575,0,1,1
32364,0,1,1
6105,0,1,1
29629,0,1,1
9295,0,1,1
31814,0,1,1
30578,1,0,1
8823,0,1,1
11823,1,0,1
22371,0,1,1
29784,0,1,1
13026,0,1,1
6143,0,1,1
2917,1,0,1
2820,0,1,1
1867,1,0,1
26053,0,1,1
6799,0,1,1
18857,0,1,1
25858,0,1,1
28589,0,1,1
24079,0,1,1
9203,0,1,1
25520,0,1,1
32201,0,1,1
26170,0,1,1
29595,0,1,1
8834,0,1,1
6881,0,1,1
7749,0,1,1
29912,0,1,1
9187,0,1,1
9307,0,1,1
26527,1,0,1
728,1,0,1
7700,0,1,1
26520,1,0,1
29642,0,1,1
31556,0,1,1
23397,1,0,1
13214,1,0,1
31776,0,1,1
29641,0,1,1
29753,0,1,1
32148,0,1,1
29738,0,1,1
7704,0,1,1
5424,0,1,1
14856,1,0,1
28863,0,1,1
25870,0,1,1
7064,1,0,1
6390,0,1,1
6509,0,1,1
29786,0,1,1
29622,0,1,1
21419,0,1,1
6136,1,0,1
6781,1,0,1
6965,0,1,1
19792,0,1,1
2081,0,1,1
32204,0,1,1
6988,0,1,1
9081,0,1,1
18207,0,1,1
26055,0,1,1
32014,0,1,1
14513,1,0,1
17588,0,1,1
8399,0,1,1
9061,0,1,1
14631,1,0,1
6963,1,0,1
6744,0,1,1
32100,0,1,1
14262,0,1,1
13566,0,1,1
20645,0,1,1
6862,0,1,1
25234,1,0,1
13787,0,1,1
13523,1,0,1
1963,0,1,1
6012,1,0,1
20927,0,1,1
7678,0,1,1
23781,0,1,1
13342,1,0,1
8914,0,1,1
8301,1,0,1
6861,0,1,1
22258,0,1,1
6884,0,1,1
9007,0,1,1
22211,0,1,1
31963,0,1,1
5272,0,1,1
6851,0,1,1
26076,0,1,1
22353,0,1,1
6086,1,0,1
26167,0,1,1
26152,0,1,1
6349,0,1,1
6857,1,0,1
3145,0,1,1
7045,0,1,1
29807,0,1,1
3638,1,0,1
32273,1,0,1
6013,0,1,1
803,1,0,1
5398,0,1,1
22305,0,1,1
11313,0,1,1
8294,0,1,1
7113,0,1,1
2138,0,1,1
29510,0,1,1
8866,0,1,1
6573,0,1,1
31014,0,1,1
31941,0,1,1
6733,0,1,1
13568,0,1,1
25842,0,1,1
18318,0,1,1
25246,0,1,1
32001,0,1,1
32010,0,1,1
8940,0,1,1
4464,0,1,1
9291,0,1,1
8251,1,0,1
32105,1,0,1
20004,0,1,1
12383,0,1,1
7172,0,1,1
29235,0,1,1
29650,0,1,1
8438,0,1,1
2703,1,0,1
13283,0,1,1
25280,0,1,1
7119,0,1,1
10779,1,0,1
5925,0,1,1
32291,1,0,1
7055,0,1,1
26061,0,1,1
18403,0,1,1
4021,1,0,1
1139,0,1,1
7847,0,1,1
14117,0,1,1
25249,0,1,1
26171,0,1,1
19948,0,1,1
24220,0,1,1
11034,1,0,1
25162,0,1,1
4237,1,0,1
6639,0,1,1
7599,1,0,1
6641,0,1,1
22373,0,1,1
29047,0,1,1
4501,1,0,1
6874,0,1,1
8178,0,1,1
16354,0,1,1
7400,0,1,1
26104,0,1,1
8904,0,1,1
25890,0,1,1
13372,0,1,1
9098,0,1,1
6188,0,1,1
9372,0,1,1
19350,0,1,1
25875,0,1,1
29659,0,1,1
6401,0,1,1
9462,1,0,1
13498,0,1,1
19389,0,1,1
5653,0,1,1
31711,0,1,1
26179,0,1,1
29727,0,1,1
9334,0,1,1
32192,0,1,1
6894,1,0,1
29645,0,1,1
1511,0,1,1
26114,0,1,1
25710,0,1,1
6027,0,1,1
4785,1,0,1
9043,0,1,1
18243,0,1,1
9232,0,1,1
4371,0,1,1
919,0,1,1
14126,1,0,1
1060,1,0,1
8809,0,1,1
6973,0,1,1
30408,1,0,1
12812,0,1,1
29594,0,1,1
5314,0,1,1
7174,0,1,1
6108,0,1,1
6504,0,1,1
6516,0,1,1
7153,0,1,1
5467,0,1,1
29673,0,1,1
16532,0,1,1
6052,0,1,1
4784,0,1,1
152,1,0,1
9438,0,1,1
14675,0,1,1
31258,0,1,1
8967,0,1,1
29741,0,1,1
23357,1,0,1
7167,0,1,1
6249,0,1,1
2780,0,1,1
6847,0,1,1
26530,1,0,1
30464,0,1,1
29692,0,1,1
9193,0,1,1
9131,0,1,1
14367,0,1,1
371,0,1,1
26067,0,1,1
14522,1,0,1
9045,0,1,1
3079,0,1,1
31897,0,1,1
31905,0,1,1
20616,0,1,1
14688,0,1,1
32208,0,1,1
5020,0,1,1
14246,0,1,1
9199,0,1,1
6818,0,1,1
20682,0,1,1
25562,0,1,1
6798,0,1,1
29538,0,1,1
28817,0,1,1
9156,0,1,1
4608,0,1,1
5759,0,1,1
29482,0,1,1
6319,0,1,1
31369,0,1,1
8893,0,1,1
9390,0,1,1
5888,0,1,1
5905,0,1,1
25443,0,1,1
26125,1,0,1
25984,0,1,1
7009,0,1,1
8570,0,1,1
13565,0,1,1
10368,0,1,1
25399,0,1,1
6671,0,1,1
6844,1,0,1
6594,0,1,1
5027,0,1,1
8958,0,1,1
7427,0,1,1
7384,0,1,1
7660,1,0,1
5231,1,0,1
31934,0,1,1
31950,0,1,1
4649,1,0,1
32198,0,1,1
6805,0,1,1
29319,0,1,1
26519,1,0,1
28486,0,1,1
29823,0,1,1
29773,0,1,1
21259,0,1,1
29489,0,1,1
26191,0,1,1
8824,0,1,1
9088,1,0,1
7748,0,1,1
25530,0,1,1
9362,0,1,1
25242,0,1,1
22413,0,1,1
29671,0,1,1
4494,0,1,1
9544,0,1,1
7125,0,1,1
31975,0,1,1
25312,1,0,1
31989,0,1,1
7117,1,0,1
4565,0,1,1
12619,0,1,1
6130,0,1,1
5699,0,1,1
29764,0,1,1
3653,0,1,1
32002,0,1,1
9002,0,1,1
14621,1,0,1
31647,0,1,1
6379,0,1,1
8870,0,1,1
23290,1,0,1
32182,0,1,1
31922,0,1,1
5608,0,1,1
6889,0,1,1
14397,0,1,1
6809,0,1,1
29712,0,1,1
7588,0,1,1
6637,0,1,1
16815,0,1,1
6403,0,1,1
14624,0,1,1
7603,0,1,1
8288,0,1,1
7156,0,1,1
15863,0,1,1
6913,0,1,1
7465,1,0,1
13279,0,1,1
6553,0,1,1
24569,0,1,1
22025,1,0,1
7033,0,1,1
29278,0,1,1
32054,0,1,1
6790,0,1,1
8831,0,1,1
29639,0,1,1
25543,0,1,1
25016,0,1,1
25400,0,1,1
12742,0,1,1
1276,0,1,1
9278,0,1,1
16539,0,1,1
14598,1,0,1
26146,0,1,1
4535,0,1,1
31862,0,1,1
10395,0,1,1
11572,0,1,1
29612,0,1,1
25439,0,1,1
3208,0,1,1
25035,0,1,1
6408,0,1,1
10227,0,1,1
14597,1,0,1
18155,0,1,1
7096,0,1,1
31264,0,1,1
23775,1,0,1
6706,0,1,1
29517,0,1,1
9107,0,1,1
4572,0,1,1
8759,0,1,1
9247,0,1,1
9418,0,1,1
29758,0,1,1
6453,1,0,1
4972,1,0,1
26109,0,1,1
32185,0,1,1
21750,0,1,1
24308,0,1,1
3387,0,1,1
26098,0,1,1
6993,0,1,1
6807,0,1,1
26120,0,1,1
7740,0,1,1
22604,0,1,1
5422,1,0,1
31137,0,1,1
9415,1,0,1
7114,1,0,1
29327,0,1,1
32187,0,1,1
25988,0,1,1
31831,0,1,1
14466,1,0,1
25918,0,1,1
6952,1,0,1
29892,0,1,1
7051,1,0,1
9312,0,1,1
14618,1,0,1
6336,0,1,1
29575,0,1,1
5730,0,1,1
22414,0,1,1
7176,0,1,1
14616,1,0,1
31995,0,1,1
23167,1,0,1
14613,0,1,1
7145,0,1,1
4521,0,1,1
6922,1,0,1
14169,1,0,1
7112,1,0,1
25424,0,1,1
9073,0,1,1
25989,0,1,1
6591,0,1,1
9395,0,1,1
21673,0,1,1
5242,0,1,1
8176,1,0,1
12633,1,0,1
29548,0,1,1
32005,0,1,1
5433,0,1,1
18533,0,1,1
18743,0,1,1
14045,0,1,1
14478,0,1,1
25872,0,1,1
25879,0,1,1
9097,0,1,1
26176,0,1,1
2811,0,1,1
15208,0,1,1
26183,0,1,1
31780,0,1,1
7194,0,1,1
6927,1,0,1
25933,0,1,1
25657,0,1,1
25484,0,1,1
24335,0,1,1
6527,0,1,1
31600,0,1,1
9274,0,1,1
4954,0,1,1
22562,0,1,1
14591,0,1,1
14685,0,1,1
13163,0,1,1
22600,0,1,1
29771,0,1,1
7717,0,1,1
32174,0,1,1
31973,0,1,1
6853,0,1,1
2533,1,0,1
29770,0,1,1
31533,0,1,1
7157,0,1,1
31997,0,1,1
1068,1,0,1
25445,0,1,1
32130,0,1,1
8727,0,1,1
31939,0,1,1
32271,0,1,1
5029,1,0,1
7742,0,1,1
9248,0,1,1
9245,0,1,1
14200,0,1,1
23278,1,0,1
7396,0,1,1
25963,0,1,1
25995,0,1,1
6964,0,1,1
26089,0,1,1
26092,0,1,1
9348,0,1,1
31933,0,1,1
8856,0,1,1
7654,0,1,1
8593,0,1,1
7111,0,1,1
27797,1,0,1
25559,0,1,1
31908,0,1,1
8792,0,1,1
1463,0,1,1
25977,0,1,1
5746,0,1,1
9313,0,1,1
31980,0,1,1
32061,0,1,1
29725,0,1,1
6998,0,1,1
25808,0,1,1
31996,0,1,1
13887,0,1,1
15882,0,1,1
26151,0,1,1
25886,0,1,1
9381,0,1,1
2718,0,1,1
12583,1,0,1
15849,0,1,1
9126,0,1,1
26086,0,1,1
8846,0,1,1
31931,0,1,1
26017,0,1,1
32013,0,1,1
4782,0,1,1
30875,0,1,1
14593,1,0,1
29539,0,1,1
5258,0,1,1
2891,0,1,1
28472,0,1,1
5845,1,0,1
7091,0,1,1
7733,0,1,1
6875,0,1,1
31926,0,1,1
15417,0,1,1
13554,0,1,1
9593,1,0,1
6770,1,0,1
7462,0,1,1
8917,0,1,1
26134,0,1,1
28844,0,1,1
6631,1,0,1
13616,1,0,1
23076,1,0,1
6045,0,1,1
13539,1,0,1
29589,0,1,1
32167,1,0,1
7566,0,1,1
9341,0,1,1
11796,1,0,1
29822,0,1,1
9414,0,1,1
31432,0,1,1
6300,0,1,1
26173,0,1,1
29628,0,1,1
29638,0,1,1
9014,0,1,1
29827,0,1,1
27301,0,1,1
266,0,1,1
9526,0,1,1
14092,0,1,1
7061,0,1,1
5904,0,1,1
7018,0,1,1
32214,0,1,1
6402,0,1,1
19060,0,1,1
6675,0,1,1
29762,0,1,1
29393,0,1,1
6804,0,1,1
31887,0,1,1
6732,0,1,1
26058,0,1,1
9090,0,1,1
29739,0,1,1
25970,0,1,1
6680,1,0,1
26724,0,1,1
31641,0,1,1
32197,0,1,1
6981,0,1,1
9072,0,1,1
8941,0,1,1
20699,0,1,1
29272,0,1,1
13828,0,1,1
32147,0,1,1
22975,0,1,1
5057,0,1,1
2663,0,1,1
26115,0,1,1
4432,0,1,1
30191,0,1,1
14333,1,0,1
8242,0,1,1
17485,0,1,1
7154,0,1,1
29383,0,1,1
5576,0,1,1
23329,1,0,1
5451,0,1,1
9275,0,1,1
31856,0,1,1
29621,0,1,1
26079,0,1,1
16765,0,1,1
32300,1,0,1
31988,0,1,1
7406,0,1,1
19919,0,1,1
18886,1,0,1
32108,0,1,1
29717,0,1,1
9364,0,1,1
3127,0,1,1
9957,0,1,1
31023,0,1,1
6587,0,1,1
8796,0,1,1
29760,0,1,1
29754,0,1,1
9417,0,1,1
6974,1,0,1
29010,0,1,1
13939,1,0,1
26007,0,1,1
22023,0,1,1
3799,1,0,1
7688,0,1,1
31983,0,1,1
9367,0,1,1
29777,0,1,1
22799,1,0,1
26135,0,1,1
25379,0,1,1
7684,0,1,1
9238,0,1,1
22486,0,1,1
31945,0,1,1
8852,0,1,1
31895,0,1,1
18634,0,1,1
5762,1,0,1
31832,0,1,1
3793,0,1,1
32194,0,1,1
9109,0,1,1
9224,0,1,1
6957,0,1,1
24003,0,1,1
25228,0,1,1
13480,0,1,1
29268,0,1,1
9346,0,1,1
7142,0,1,1
17869,0,1,1
16631,0,1,1
14120,0,1,1
26036,0,1,1
18584,1,0,1
25975,0,1,1
499,1,0,1
29321,0,1,1
25631,0,1,1
6642,0,1,1
7739,0,1,1
25806,0,1,1
7628,0,1,1
6916,0,1,1
31863,0,1,1
6613,0,1,1
25612,0,1,1
2275,1,0,1
32006,0,1,1
29655,0,1,1
13556,1,0,1
32156,0,1,1
8253,1,0,1
31979,0,1,1
14612,0,1,1
6318,0,1,1
6285,0,1,1
6763,0,1,1
29592,0,1,1
4959,0,1,1
25914,0,1,1
6678,0,1,1
29691,0,1,1
31873,0,1,1
29624,0,1,1
29734,0,1,1
3613,0,1,1
29748,0,1,1
29744,0,1,1
32268,0,1,1
13224,1,0,1
19428,0,1,1
29779,0,1,1
32264,1,0,1
8157,0,1,1
6446,0,1,1
7621,0,1,1
25556,0,1,1
26166,0,1,1
5745,0,1,1
7197,0,1,1
17412,0,1,1
26521,1,0,1
7102,0,1,1
26161,0,1,1
4179,0,1,1
9111,0,1,1
6813,0,1,1
25895,0,1,1
9135,0,1,1
8842,0,1,1
6630,1,0,1
28735,0,1,1
6869,0,1,1
11248,0,1,1
4844,0,1,1
11122,0,1,1
26642,0,1,1
25211,0,1,1
31978,0,1,1
8951,0,1,1
2722,0,1,1
29140,0,1,1
6359,1,0,1
11231,0,1,1
26175,0,1,1
7144,0,1,1
31435,0,1,1
13654,0,1,1
5512,0,1,1
25997,0,1,1
5860,0,1,1
25570,0,1,1
13816,1,0,1
6274,0,1,1
6235,1,0,1
7728,0,1,1
11623,0,1,1
25012,0,1,1
6620,0,1,1
12659,1,0,1
6465,0,1,1
26041,0,1,1
31864,0,1,1
5606,0,1,1
7666,0,1,1
6277,0,1,1
21530,0,1,1
31957,0,1,1
32009,0,1,1
29345,0,1,1
26165,0,1,1
32015,0,1,1
27838,1,0,1
29690,0,1,1
6978,1,0,1
26141,0,1,1
27308,0,1,1
5896,0,1,1
6661,0,1,1
22074,1,0,1
9190,0,1,1
19757,0,1,1
31992,0,1,1
31969,0,1,1
29701,0,1,1
8209,0,1,1
5990,0,1,1
26144,0,1,1
25318,1,0,1
29693,0,1,1
355,0,1,1
26174,0,1,1
21498,0,1,1
23703,0,1,1
6293,0,1,1
11693,0,1,1
4241,1,0,1
1615,0,1,1
6449,0,1,1
28591,0,1,1
25894,0,1,1
5829,1,0,1
14256,1,0,1
13187,1,0,1
7184,1,0,1
8840,0,1,1
6786,0,1,1
6962,0,1,1
13637,1,0,1
7702,1,0,1
6610,1,0,1
13965,1,0,1
521,0,1,1
6604,0,1,1
7314,0,1,1
32219,0,1,1
14063,1,0,1
28245,0,1,1
2274,0,1,1
5674,0,1,1
19400,0,1,1
9129,0,1,1
22780,1,0,1
32012,0,1,1
7557,0,1,1
31938,0,1,1
6825,0,1,1
6956,0,1,1
